0 verbose cli /usr/bin/node /usr/bin/npm
1 info using npm@10.8.2
2 info using node@v20.20.2
3 silly config load:file:/usr/lib/node_modules/npm/npmrc
4 silly config load:file:/home/user/backend/.npmrc
5 silly config load:file:/home/user/.npmrc
6 silly config load:file:/usr/etc/npmrc
7 verbose title npm install
8 verbose argv "install" "--loglevel" "silent" "--no-audit"
9 verbose logfile logs-max:10 dir:/home/user/.npm/_logs/2026-08-20T11_42_16_978Z-
10 verbose logfile /home/user/.npm/_logs/2026-08-20T11_42_16_978Z-debug-0.log
11 silly packumentCache heap:998768640 maxSize:249692160 maxEntrySize:124846080
12 silly logfile done cleaning log files
13 silly idealTree buildDeps
14 silly fetch manifest express@^4.19.2
15 silly packumentCache full:https://registry.npmjs.org/express cache-miss
16 http fetch GET 200 https://registry.npmjs.org/npm 169ms
17 http fetch GET 200 https://registry.npmjs.org/express 143ms (cache miss)
18 silly packumentCache full:https://registry.npmjs.org/express set size:undefined disposed:false
19 silly fetch manifest cors@^2.8.5
20 silly packumentCache full:https://registry.npmjs.org/cors cache-miss
21 http fetch GET 200 https://registry.npmjs.org/cors 25ms (cache miss)
22 silly packumentCache full:https://registry.npmjs.org/cors set size:undefined disposed:false
23 silly fetch manifest helmet@^7.1.0
24 silly packumentCache full:https://registry.npmjs.org/helmet cache-miss
25 http fetch GET 200 https://registry.npmjs.org/helmet 50ms (cache miss)
26 silly packumentCache full:https://registry.npmjs.org/helmet set size:undefined disposed:false
27 silly fetch manifest dotenv@^16.4.5
28 silly packumentCache full:https://registry.npmjs.org/dotenv cache-miss
29 http fetch GET 200 https://registry.npmjs.org/dotenv 35ms (cache miss)
30 silly packumentCache full:https://registry.npmjs.org/dotenv set size:undefined disposed:false
31 silly fetch manifest jsonwebtoken@^9.0.2
32 silly packumentCache full:https://registry.npmjs.org/jsonwebtoken cache-miss
33 http fetch GET 200 https://registry.npmjs.org/jsonwebtoken 43ms (cache miss)
34 silly packumentCache full:https://registry.npmjs.org/jsonwebtoken set size:undefined disposed:false
35 silly fetch manifest bcryptjs@^2.4.3
36 silly packumentCache full:https://registry.npmjs.org/bcryptjs cache-miss
37 http fetch GET 200 https://registry.npmjs.org/bcryptjs 24ms (cache miss)
38 silly packumentCache full:https://registry.npmjs.org/bcryptjs set size:undefined disposed:false
39 silly fetch manifest zod@^3.23.8
40 silly packumentCache full:https://registry.npmjs.org/zod cache-miss
41 http fetch GET 200 https://registry.npmjs.org/zod 121ms (cache miss)
42 silly packumentCache full:https://registry.npmjs.org/zod set size:undefined disposed:false
43 silly fetch manifest ws@^8.17.1
44 silly packumentCache full:https://registry.npmjs.org/ws cache-miss
45 http fetch GET 200 https://registry.npmjs.org/ws 37ms (cache miss)
46 silly packumentCache full:https://registry.npmjs.org/ws set size:undefined disposed:false
47 silly fetch manifest bufferutil@^4.0.1
48 silly packumentCache full:https://registry.npmjs.org/bufferutil cache-miss
49 http fetch GET 200 https://registry.npmjs.org/bufferutil 35ms (cache miss)
50 silly packumentCache full:https://registry.npmjs.org/bufferutil set size:undefined disposed:false
51 silly fetch manifest utf-8-validate@>=5.0.2
52 silly packumentCache full:https://registry.npmjs.org/utf-8-validate cache-miss
53 http fetch GET 200 https://registry.npmjs.org/utf-8-validate 25ms (cache miss)
54 silly packumentCache full:https://registry.npmjs.org/utf-8-validate set size:undefined disposed:false
55 silly fetch manifest cloudinary@^2.5.1
56 silly packumentCache full:https://registry.npmjs.org/cloudinary cache-miss
57 http fetch GET 200 https://registry.npmjs.org/cloudinary 40ms (cache miss)
58 silly packumentCache full:https://registry.npmjs.org/cloudinary set size:undefined disposed:false
59 silly fetch manifest multer@^1.4.5-lts.1
60 silly packumentCache full:https://registry.npmjs.org/multer cache-miss
61 http fetch GET 200 https://registry.npmjs.org/multer 28ms (cache miss)
62 silly packumentCache full:https://registry.npmjs.org/multer set size:undefined disposed:false
63 silly fetch manifest express-rate-limit@^7.2.0
64 silly packumentCache full:https://registry.npmjs.org/express-rate-limit cache-miss
65 http fetch GET 200 https://registry.npmjs.org/express-rate-limit 46ms (cache miss)
66 silly packumentCache full:https://registry.npmjs.org/express-rate-limit set size:undefined disposed:false
67 silly fetch manifest cookie-parser@^1.4.6
68 silly packumentCache full:https://registry.npmjs.org/cookie-parser cache-miss
69 http fetch GET 200 https://registry.npmjs.org/cookie-parser 25ms (cache miss)
70 silly packumentCache full:https://registry.npmjs.org/cookie-parser set size:undefined disposed:false
71 silly fetch manifest uuid@^10.0.0
72 silly packumentCache full:https://registry.npmjs.org/uuid cache-miss
73 http fetch GET 200 https://registry.npmjs.org/uuid 40ms (cache miss)
74 silly packumentCache full:https://registry.npmjs.org/uuid set size:undefined disposed:false
75 silly fetch manifest tsx@^4.19.0
76 silly packumentCache full:https://registry.npmjs.org/tsx cache-miss
77 http fetch GET 200 https://registry.npmjs.org/tsx 29ms (cache miss)
78 silly packumentCache full:https://registry.npmjs.org/tsx set size:undefined disposed:false
79 silly fetch manifest typescript@^5.5.4
80 silly packumentCache full:https://registry.npmjs.org/typescript cache-miss
81 http fetch GET 200 https://registry.npmjs.org/typescript 339ms (cache miss)
82 silly packumentCache full:https://registry.npmjs.org/typescript set size:undefined disposed:false
83 silly fetch manifest @types/express@^4.17.21
84 silly packumentCache full:https://registry.npmjs.org/@types%2fexpress cache-miss
85 http fetch GET 200 https://registry.npmjs.org/@types%2fexpress 31ms (cache miss)
86 silly packumentCache full:https://registry.npmjs.org/@types%2fexpress set size:undefined disposed:false
87 silly fetch manifest @types/jsonwebtoken@^9.0.6
88 silly packumentCache full:https://registry.npmjs.org/@types%2fjsonwebtoken cache-miss
89 http fetch GET 200 https://registry.npmjs.org/@types%2fjsonwebtoken 37ms (cache miss)
90 silly packumentCache full:https://registry.npmjs.org/@types%2fjsonwebtoken set size:undefined disposed:false
91 silly fetch manifest @types/bcryptjs@^2.4.6
92 silly packumentCache full:https://registry.npmjs.org/@types%2fbcryptjs cache-miss
93 http fetch GET 200 https://registry.npmjs.org/@types%2fbcryptjs 26ms (cache miss)
94 silly packumentCache full:https://registry.npmjs.org/@types%2fbcryptjs set size:undefined disposed:false
95 silly fetch manifest @types/ws@^8.5.10
96 silly packumentCache full:https://registry.npmjs.org/@types%2fws cache-miss
97 http fetch GET 200 https://registry.npmjs.org/@types%2fws 43ms (cache miss)
98 silly packumentCache full:https://registry.npmjs.org/@types%2fws set size:undefined disposed:false
99 silly fetch manifest @types/cookie-parser@^1.4.7
100 silly packumentCache full:https://registry.npmjs.org/@types%2fcookie-parser cache-miss
101 http fetch GET 200 https://registry.npmjs.org/@types%2fcookie-parser 26ms (cache miss)
102 silly packumentCache full:https://registry.npmjs.org/@types%2fcookie-parser set size:undefined disposed:false
103 silly fetch manifest @types/uuid@^10.0.0
104 silly packumentCache full:https://registry.npmjs.org/@types%2fuuid cache-miss
105 http fetch GET 200 https://registry.npmjs.org/@types%2fuuid 49ms (cache miss)
106 silly packumentCache full:https://registry.npmjs.org/@types%2fuuid set size:undefined disposed:false
107 silly fetch manifest @types/multer@^1.4.11
108 silly packumentCache full:https://registry.npmjs.org/@types%2fmulter cache-miss
109 http fetch GET 200 https://registry.npmjs.org/@types%2fmulter 28ms (cache miss)
110 silly packumentCache full:https://registry.npmjs.org/@types%2fmulter set size:undefined disposed:false
111 silly placeDep ROOT @types/bcryptjs@2.4.6 OK for: link-backend@1.0.0 want: ^2.4.6
112 silly placeDep ROOT @types/cookie-parser@1.4.10 OK for: link-backend@1.0.0 want: ^1.4.7
113 silly placeDep ROOT @types/express@4.17.25 OK for: @types/cookie-parser@1.4.10 want: *
114 silly placeDep ROOT @types/jsonwebtoken@9.0.10 OK for: link-backend@1.0.0 want: ^9.0.6
115 silly placeDep ROOT @types/multer@1.4.13 OK for: link-backend@1.0.0 want: ^1.4.11
116 silly placeDep ROOT @types/uuid@10.0.0 OK for: link-backend@1.0.0 want: ^10.0.0
117 silly placeDep ROOT @types/ws@8.18.1 OK for: link-backend@1.0.0 want: ^8.5.10
118 silly placeDep ROOT bcryptjs@2.4.3 OK for: link-backend@1.0.0 want: ^2.4.3
119 silly placeDep ROOT cloudinary@2.10.1 OK for: link-backend@1.0.0 want: ^2.5.1
120 silly placeDep ROOT cookie-parser@1.4.7 OK for: link-backend@1.0.0 want: ^1.4.6
121 silly placeDep ROOT cors@2.8.6 OK for: link-backend@1.0.0 want: ^2.8.5
122 silly placeDep ROOT dotenv@16.6.1 OK for: link-backend@1.0.0 want: ^16.4.5
123 silly placeDep ROOT express@4.22.2 OK for: link-backend@1.0.0 want: ^4.19.2
124 silly placeDep ROOT express-rate-limit@7.5.1 OK for: link-backend@1.0.0 want: ^7.2.0
125 silly placeDep ROOT helmet@7.2.0 OK for: link-backend@1.0.0 want: ^7.1.0
126 silly placeDep ROOT jsonwebtoken@9.0.3 OK for: link-backend@1.0.0 want: ^9.0.2
127 silly placeDep ROOT multer@1.4.5-lts.2 OK for: link-backend@1.0.0 want: ^1.4.5-lts.1
128 silly placeDep ROOT tsx@4.23.12 OK for: link-backend@1.0.0 want: ^4.19.0
129 silly placeDep ROOT typescript@5.9.3 OK for: link-backend@1.0.0 want: ^5.5.4
130 silly placeDep ROOT uuid@10.0.0 OK for: link-backend@1.0.0 want: ^10.0.0
131 silly placeDep ROOT ws@8.21.3 OK for: link-backend@1.0.0 want: ^8.17.1
132 silly placeDep ROOT zod@3.25.76 OK for: link-backend@1.0.0 want: ^3.23.8
133 silly fetch manifest @types/qs@*
134 silly packumentCache full:https://registry.npmjs.org/@types%2fqs cache-miss
135 http fetch GET 200 https://registry.npmjs.org/@types%2fqs 45ms (cache miss)
136 silly packumentCache full:https://registry.npmjs.org/@types%2fqs set size:undefined disposed:false
137 silly fetch manifest @types/body-parser@*
138 silly packumentCache full:https://registry.npmjs.org/@types%2fbody-parser cache-miss
139 http fetch GET 200 https://registry.npmjs.org/@types%2fbody-parser 28ms (cache miss)
140 silly packumentCache full:https://registry.npmjs.org/@types%2fbody-parser set size:undefined disposed:false
141 silly fetch manifest @types/serve-static@^1
142 silly packumentCache full:https://registry.npmjs.org/@types%2fserve-static cache-miss
143 http fetch GET 200 https://registry.npmjs.org/@types%2fserve-static 38ms (cache miss)
144 silly packumentCache full:https://registry.npmjs.org/@types%2fserve-static set size:undefined disposed:false
145 silly fetch manifest @types/express-serve-static-core@^4.17.33
146 silly packumentCache full:https://registry.npmjs.org/@types%2fexpress-serve-static-core cache-miss
147 http fetch GET 200 https://registry.npmjs.org/@types%2fexpress-serve-static-core 41ms (cache miss)
148 silly packumentCache full:https://registry.npmjs.org/@types%2fexpress-serve-static-core set size:undefined disposed:false
149 silly fetch manifest @types/ms@*
150 silly packumentCache full:https://registry.npmjs.org/@types%2fms cache-miss
151 http fetch GET 200 https://registry.npmjs.org/@types%2fms 33ms (cache miss)
152 silly packumentCache full:https://registry.npmjs.org/@types%2fms set size:undefined disposed:false
153 silly fetch manifest @types/node@*
154 silly packumentCache full:https://registry.npmjs.org/@types%2fnode cache-miss
155 http fetch GET 200 https://registry.npmjs.org/@types%2fnode 204ms (cache miss)
156 silly packumentCache full:https://registry.npmjs.org/@types%2fnode set size:undefined disposed:false
157 silly fetch manifest lodash@^4.17.23
158 silly packumentCache full:https://registry.npmjs.org/lodash cache-miss
159 http fetch GET 200 https://registry.npmjs.org/lodash 42ms (cache miss)
160 silly packumentCache full:https://registry.npmjs.org/lodash set size:undefined disposed:false
161 silly fetch manifest cookie@0.7.2
162 silly packumentCache full:https://registry.npmjs.org/cookie cache-miss
163 http fetch GET 200 https://registry.npmjs.org/cookie 24ms (cache miss)
164 silly packumentCache full:https://registry.npmjs.org/cookie set size:undefined disposed:false
165 silly fetch manifest cookie-signature@1.0.6
166 silly packumentCache full:https://registry.npmjs.org/cookie-signature cache-miss
167 http fetch GET 200 https://registry.npmjs.org/cookie-signature 50ms (cache miss)
168 silly packumentCache full:https://registry.npmjs.org/cookie-signature set size:undefined disposed:false
169 silly fetch manifest object-assign@^4
170 silly packumentCache full:https://registry.npmjs.org/object-assign cache-miss
171 http fetch GET 200 https://registry.npmjs.org/object-assign 23ms (cache miss)
172 silly packumentCache full:https://registry.npmjs.org/object-assign set size:undefined disposed:false
173 silly fetch manifest vary@^1
174 silly packumentCache full:https://registry.npmjs.org/vary cache-miss
175 http fetch GET 200 https://registry.npmjs.org/vary 33ms (cache miss)
176 silly packumentCache full:https://registry.npmjs.org/vary set size:undefined disposed:false
177 silly fetch manifest qs@~6.15.1
178 silly packumentCache full:https://registry.npmjs.org/qs cache-miss
179 http fetch GET 200 https://registry.npmjs.org/qs 43ms (cache miss)
180 silly packumentCache full:https://registry.npmjs.org/qs set size:undefined disposed:false
181 silly fetch manifest depd@2.0.0
182 silly packumentCache full:https://registry.npmjs.org/depd cache-miss
183 http fetch GET 200 https://registry.npmjs.org/depd 39ms (cache miss)
184 silly packumentCache full:https://registry.npmjs.org/depd set size:undefined disposed:false
185 silly fetch manifest etag@~1.8.1
186 silly packumentCache full:https://registry.npmjs.org/etag cache-miss
187 http fetch GET 200 https://registry.npmjs.org/etag 24ms (cache miss)
188 silly packumentCache full:https://registry.npmjs.org/etag set size:undefined disposed:false
189 silly fetch manifest send@~0.19.0
190 silly packumentCache full:https://registry.npmjs.org/send cache-miss
191 http fetch GET 200 https://registry.npmjs.org/send 47ms (cache miss)
192 silly packumentCache full:https://registry.npmjs.org/send set size:undefined disposed:false
193 silly fetch manifest vary@~1.1.2
194 silly packumentCache full:https://registry.npmjs.org/vary cache-miss
195 http fetch GET 200 https://registry.npmjs.org/vary 10ms (cache hit)
196 silly packumentCache full:https://registry.npmjs.org/vary set size:15994 disposed:false
197 silly fetch manifest debug@2.6.9
198 silly packumentCache full:https://registry.npmjs.org/debug cache-miss
199 http fetch GET 200 https://registry.npmjs.org/debug 29ms (cache miss)
200 silly packumentCache full:https://registry.npmjs.org/debug set size:undefined disposed:false
201 silly fetch manifest fresh@~0.5.2
202 silly packumentCache full:https://registry.npmjs.org/fresh cache-miss
203 http fetch GET 200 https://registry.npmjs.org/fresh 32ms (cache miss)
204 silly packumentCache full:https://registry.npmjs.org/fresh set size:undefined disposed:false
205 silly fetch manifest cookie@~0.7.1
206 silly packumentCache full:https://registry.npmjs.org/cookie cache-miss
207 http fetch GET 200 https://registry.npmjs.org/cookie 3ms (cache hit)
208 silly packumentCache full:https://registry.npmjs.org/cookie set size:78274 disposed:false
209 silly fetch manifest accepts@~1.3.8
210 silly packumentCache full:https://registry.npmjs.org/accepts cache-miss
211 http fetch GET 200 https://registry.npmjs.org/accepts 25ms (cache miss)
212 silly packumentCache full:https://registry.npmjs.org/accepts set size:undefined disposed:false
213 silly fetch manifest methods@~1.1.2
214 silly packumentCache full:https://registry.npmjs.org/methods cache-miss
215 http fetch GET 200 https://registry.npmjs.org/methods 31ms (cache miss)
216 silly packumentCache full:https://registry.npmjs.org/methods set size:undefined disposed:false
217 silly fetch manifest type-is@~1.6.18
218 silly packumentCache full:https://registry.npmjs.org/type-is cache-miss
219 http fetch GET 200 https://registry.npmjs.org/type-is 25ms (cache miss)
220 silly packumentCache full:https://registry.npmjs.org/type-is set size:undefined disposed:false
221 silly fetch manifest parseurl@~1.3.3
222 silly packumentCache full:https://registry.npmjs.org/parseurl cache-miss
223 http fetch GET 200 https://registry.npmjs.org/parseurl 32ms (cache miss)
224 silly packumentCache full:https://registry.npmjs.org/parseurl set size:undefined disposed:false
225 silly fetch manifest statuses@~2.0.1
226 silly packumentCache full:https://registry.npmjs.org/statuses cache-miss
227 http fetch GET 200 https://registry.npmjs.org/statuses 24ms (cache miss)
228 silly packumentCache full:https://registry.npmjs.org/statuses set size:undefined disposed:false
229 silly fetch manifest encodeurl@~2.0.0
230 silly packumentCache full:https://registry.npmjs.org/encodeurl cache-miss
231 http fetch GET 200 https://registry.npmjs.org/encodeurl 32ms (cache miss)
232 silly packumentCache full:https://registry.npmjs.org/encodeurl set size:undefined disposed:false
233 silly fetch manifest proxy-addr@~2.0.7
234 silly packumentCache full:https://registry.npmjs.org/proxy-addr cache-miss
235 http fetch GET 200 https://registry.npmjs.org/proxy-addr 21ms (cache miss)
236 silly packumentCache full:https://registry.npmjs.org/proxy-addr set size:undefined disposed:false
237 silly fetch manifest body-parser@~1.20.5
238 silly packumentCache full:https://registry.npmjs.org/body-parser cache-miss
239 http fetch GET 200 https://registry.npmjs.org/body-parser 38ms (cache miss)
240 silly packumentCache full:https://registry.npmjs.org/body-parser set size:undefined disposed:false
241 silly fetch manifest escape-html@~1.0.3
242 silly packumentCache full:https://registry.npmjs.org/escape-html cache-miss
243 http fetch GET 200 https://registry.npmjs.org/escape-html 24ms (cache miss)
244 silly packumentCache full:https://registry.npmjs.org/escape-html set size:undefined disposed:false
245 silly fetch manifest http-errors@~2.0.0
246 silly packumentCache full:https://registry.npmjs.org/http-errors cache-miss
247 http fetch GET 200 https://registry.npmjs.org/http-errors 35ms (cache miss)
248 silly packumentCache full:https://registry.npmjs.org/http-errors set size:undefined disposed:false
249 silly fetch manifest on-finished@~2.4.1
250 silly packumentCache full:https://registry.npmjs.org/on-finished cache-miss
251 http fetch GET 200 https://registry.npmjs.org/on-finished 23ms (cache miss)
252 silly packumentCache full:https://registry.npmjs.org/on-finished set size:undefined disposed:false
253 silly fetch manifest safe-buffer@5.2.1
254 silly packumentCache full:https://registry.npmjs.org/safe-buffer cache-miss
255 http fetch GET 200 https://registry.npmjs.org/safe-buffer 29ms (cache miss)
256 silly packumentCache full:https://registry.npmjs.org/safe-buffer set size:undefined disposed:false
257 silly fetch manifest utils-merge@1.0.1
258 silly packumentCache full:https://registry.npmjs.org/utils-merge cache-miss
259 http fetch GET 200 https://registry.npmjs.org/utils-merge 23ms (cache miss)
260 silly packumentCache full:https://registry.npmjs.org/utils-merge set size:undefined disposed:false
261 silly fetch manifest content-type@~1.0.4
262 silly packumentCache full:https://registry.npmjs.org/content-type cache-miss
263 http fetch GET 200 https://registry.npmjs.org/content-type 31ms (cache miss)
264 silly packumentCache full:https://registry.npmjs.org/content-type set size:undefined disposed:false
265 silly fetch manifest finalhandler@~1.3.1
266 silly packumentCache full:https://registry.npmjs.org/finalhandler cache-miss
267 http fetch GET 200 https://registry.npmjs.org/finalhandler 31ms (cache miss)
268 silly packumentCache full:https://registry.npmjs.org/finalhandler set size:undefined disposed:false
269 silly fetch manifest range-parser@~1.2.1
270 silly packumentCache full:https://registry.npmjs.org/range-parser cache-miss
271 http fetch GET 200 https://registry.npmjs.org/range-parser 31ms (cache miss)
272 silly packumentCache full:https://registry.npmjs.org/range-parser set size:undefined disposed:false
273 silly fetch manifest serve-static@~1.16.2
274 silly packumentCache full:https://registry.npmjs.org/serve-static cache-miss
275 http fetch GET 200 https://registry.npmjs.org/serve-static 26ms (cache miss)
276 silly packumentCache full:https://registry.npmjs.org/serve-static set size:undefined disposed:false
277 silly fetch manifest array-flatten@1.1.1
278 silly packumentCache full:https://registry.npmjs.org/array-flatten cache-miss
279 http fetch GET 200 https://registry.npmjs.org/array-flatten 34ms (cache miss)
280 silly packumentCache full:https://registry.npmjs.org/array-flatten set size:undefined disposed:false
281 silly fetch manifest path-to-regexp@~0.1.12
282 silly packumentCache full:https://registry.npmjs.org/path-to-regexp cache-miss
283 http fetch GET 200 https://registry.npmjs.org/path-to-regexp 29ms (cache miss)
284 silly packumentCache full:https://registry.npmjs.org/path-to-regexp set size:undefined disposed:false
285 silly fetch manifest setprototypeof@1.2.0
286 silly packumentCache full:https://registry.npmjs.org/setprototypeof cache-miss
287 http fetch GET 200 https://registry.npmjs.org/setprototypeof 34ms (cache miss)
288 silly packumentCache full:https://registry.npmjs.org/setprototypeof set size:undefined disposed:false
289 silly fetch manifest cookie-signature@~1.0.6
290 silly packumentCache full:https://registry.npmjs.org/cookie-signature cache-miss
291 http fetch GET 200 https://registry.npmjs.org/cookie-signature 4ms (cache hit)
292 silly packumentCache full:https://registry.npmjs.org/cookie-signature set size:21777 disposed:false
293 silly fetch manifest merge-descriptors@1.0.3
294 silly packumentCache full:https://registry.npmjs.org/merge-descriptors cache-miss
295 http fetch GET 200 https://registry.npmjs.org/merge-descriptors 23ms (cache miss)
296 silly packumentCache full:https://registry.npmjs.org/merge-descriptors set size:undefined disposed:false
297 silly fetch manifest content-disposition@~0.5.4
298 silly packumentCache full:https://registry.npmjs.org/content-disposition cache-miss
299 http fetch GET 200 https://registry.npmjs.org/content-disposition 32ms (cache miss)
300 silly packumentCache full:https://registry.npmjs.org/content-disposition set size:undefined disposed:false
301 silly fetch manifest ms@^2.1.1
302 silly packumentCache full:https://registry.npmjs.org/ms cache-miss
303 http fetch GET 200 https://registry.npmjs.org/ms 27ms (cache miss)
304 silly packumentCache full:https://registry.npmjs.org/ms set size:undefined disposed:false
305 silly fetch manifest jws@^4.0.1
306 silly packumentCache full:https://registry.npmjs.org/jws cache-miss
307 http fetch GET 200 https://registry.npmjs.org/jws 32ms (cache miss)
308 silly packumentCache full:https://registry.npmjs.org/jws set size:undefined disposed:false
309 silly fetch manifest semver@^7.5.4
310 silly packumentCache full:https://registry.npmjs.org/semver cache-miss
311 http fetch GET 200 https://registry.npmjs.org/semver 31ms (cache miss)
312 silly packumentCache full:https://registry.npmjs.org/semver set size:undefined disposed:false
313 silly fetch manifest lodash.once@^4.0.0
314 silly packumentCache full:https://registry.npmjs.org/lodash.once cache-miss
315 http fetch GET 200 https://registry.npmjs.org/lodash.once 35ms (cache miss)
316 silly packumentCache full:https://registry.npmjs.org/lodash.once set size:undefined disposed:false
317 silly fetch manifest lodash.includes@^4.3.0
318 silly packumentCache full:https://registry.npmjs.org/lodash.includes cache-miss
319 http fetch GET 200 https://registry.npmjs.org/lodash.includes 23ms (cache miss)
320 silly packumentCache full:https://registry.npmjs.org/lodash.includes set size:undefined disposed:false
321 silly fetch manifest lodash.isnumber@^3.0.3
322 silly packumentCache full:https://registry.npmjs.org/lodash.isnumber cache-miss
323 http fetch GET 200 https://registry.npmjs.org/lodash.isnumber 29ms (cache miss)
324 silly packumentCache full:https://registry.npmjs.org/lodash.isnumber set size:undefined disposed:false
325 silly fetch manifest lodash.isstring@^4.0.1
326 silly packumentCache full:https://registry.npmjs.org/lodash.isstring cache-miss
327 http fetch GET 200 https://registry.npmjs.org/lodash.isstring 25ms (cache miss)
328 silly packumentCache full:https://registry.npmjs.org/lodash.isstring set size:undefined disposed:false
329 silly fetch manifest lodash.isboolean@^3.0.3
330 silly packumentCache full:https://registry.npmjs.org/lodash.isboolean cache-miss
331 http fetch GET 200 https://registry.npmjs.org/lodash.isboolean 28ms (cache miss)
332 silly packumentCache full:https://registry.npmjs.org/lodash.isboolean set size:undefined disposed:false
333 silly fetch manifest lodash.isinteger@^4.0.4
334 silly packumentCache full:https://registry.npmjs.org/lodash.isinteger cache-miss
335 http fetch GET 200 https://registry.npmjs.org/lodash.isinteger 26ms (cache miss)
336 silly packumentCache full:https://registry.npmjs.org/lodash.isinteger set size:undefined disposed:false
337 silly fetch manifest lodash.isplainobject@^4.0.6
338 silly packumentCache full:https://registry.npmjs.org/lodash.isplainobject cache-miss
339 http fetch GET 200 https://registry.npmjs.org/lodash.isplainobject 30ms (cache miss)
340 silly packumentCache full:https://registry.npmjs.org/lodash.isplainobject set size:undefined disposed:false
341 silly fetch manifest xtend@^4.0.0
342 silly packumentCache full:https://registry.npmjs.org/xtend cache-miss
343 http fetch GET 200 https://registry.npmjs.org/xtend 21ms (cache miss)
344 silly packumentCache full:https://registry.npmjs.org/xtend set size:undefined disposed:false
345 silly fetch manifest busboy@^1.0.0
346 silly packumentCache full:https://registry.npmjs.org/busboy cache-miss
347 http fetch GET 200 https://registry.npmjs.org/busboy 31ms (cache miss)
348 silly packumentCache full:https://registry.npmjs.org/busboy set size:undefined disposed:false
349 silly fetch manifest mkdirp@^0.5.4
350 silly packumentCache full:https://registry.npmjs.org/mkdirp cache-miss
351 http fetch GET 200 https://registry.npmjs.org/mkdirp 29ms (cache miss)
352 silly packumentCache full:https://registry.npmjs.org/mkdirp set size:undefined disposed:false
353 silly fetch manifest type-is@^1.6.4
354 silly packumentCache full:https://registry.npmjs.org/type-is cache-miss
355 http fetch GET 200 https://registry.npmjs.org/type-is 4ms (cache hit)
356 silly packumentCache full:https://registry.npmjs.org/type-is set size:88614 disposed:false
357 silly fetch manifest append-field@^1.0.0
358 silly packumentCache full:https://registry.npmjs.org/append-field cache-miss
359 http fetch GET 200 https://registry.npmjs.org/append-field 35ms (cache miss)
360 silly packumentCache full:https://registry.npmjs.org/append-field set size:undefined disposed:false
361 silly fetch manifest concat-stream@^1.5.2
362 silly packumentCache full:https://registry.npmjs.org/concat-stream cache-miss
363 http fetch GET 200 https://registry.npmjs.org/concat-stream 25ms (cache miss)
364 silly packumentCache full:https://registry.npmjs.org/concat-stream set size:undefined disposed:false
365 silly fetch manifest object-assign@^4.1.1
366 silly packumentCache full:https://registry.npmjs.org/object-assign cache-miss
367 http fetch GET 200 https://registry.npmjs.org/object-assign 3ms (cache hit)
368 silly packumentCache full:https://registry.npmjs.org/object-assign set size:28988 disposed:false
369 silly fetch manifest esbuild@~0.28.0
370 silly packumentCache full:https://registry.npmjs.org/esbuild cache-miss
371 http fetch GET 200 https://registry.npmjs.org/esbuild 87ms (cache miss)
372 silly packumentCache full:https://registry.npmjs.org/esbuild set size:undefined disposed:false
373 silly fetch manifest fsevents@~2.3.3
374 silly packumentCache full:https://registry.npmjs.org/fsevents cache-miss
375 http fetch GET 200 https://registry.npmjs.org/fsevents 26ms (cache miss)
376 silly packumentCache full:https://registry.npmjs.org/fsevents set size:undefined disposed:false
377 silly placeDep ROOT @types/body-parser@1.19.6 OK for: @types/express@4.17.25 want: *
378 silly placeDep ROOT @types/express-serve-static-core@4.19.9 OK for: @types/express@4.17.25 want: ^4.17.33
379 silly placeDep ROOT @types/qs@6.15.1 OK for: @types/express@4.17.25 want: *
380 silly placeDep ROOT @types/serve-static@1.15.10 OK for: @types/express@4.17.25 want: ^1
381 silly fetch manifest @types/connect@*
382 silly packumentCache full:https://registry.npmjs.org/@types%2fconnect cache-miss
383 http fetch GET 200 https://registry.npmjs.org/@types%2fconnect 40ms (cache miss)
384 silly packumentCache full:https://registry.npmjs.org/@types%2fconnect set size:undefined disposed:false
385 silly fetch manifest @types/send@*
386 silly packumentCache full:https://registry.npmjs.org/@types%2fsend cache-miss
387 http fetch GET 200 https://registry.npmjs.org/@types%2fsend 26ms (cache miss)
388 silly packumentCache full:https://registry.npmjs.org/@types%2fsend set size:undefined disposed:false
389 silly fetch manifest @types/range-parser@*
390 silly packumentCache full:https://registry.npmjs.org/@types%2frange-parser cache-miss
391 http fetch GET 200 https://registry.npmjs.org/@types%2frange-parser 34ms (cache miss)
392 silly packumentCache full:https://registry.npmjs.org/@types%2frange-parser set size:undefined disposed:false
393 silly fetch manifest @types/send@<1
394 silly packumentCache full:https://registry.npmjs.org/@types%2fsend cache-miss
395 http fetch GET 200 https://registry.npmjs.org/@types%2fsend 3ms (cache hit)
396 silly packumentCache full:https://registry.npmjs.org/@types%2fsend set size:29985 disposed:false
397 silly fetch manifest @types/http-errors@*
398 silly packumentCache full:https://registry.npmjs.org/@types%2fhttp-errors cache-miss
399 http fetch GET 200 https://registry.npmjs.org/@types%2fhttp-errors 28ms (cache miss)
400 silly packumentCache full:https://registry.npmjs.org/@types%2fhttp-errors set size:undefined disposed:false
401 silly placeDep ROOT @types/connect@3.4.38 OK for: @types/body-parser@1.19.6 want: *
402 silly placeDep ROOT @types/node@26.2.0 OK for: @types/body-parser@1.19.6 want: *
403 silly fetch manifest undici-types@~8.3.0
404 silly packumentCache full:https://registry.npmjs.org/undici-types cache-miss
405 http fetch GET 200 https://registry.npmjs.org/undici-types 38ms (cache miss)
406 silly packumentCache full:https://registry.npmjs.org/undici-types set size:undefined disposed:false
407 silly placeDep ROOT @types/range-parser@1.2.7 OK for: @types/express-serve-static-core@4.19.9 want: *
408 silly placeDep ROOT @types/send@1.2.1 OK for: @types/express-serve-static-core@4.19.9 want: *
409 silly placeDep ROOT @types/ms@2.1.0 OK for: @types/jsonwebtoken@9.0.10 want: *
410 silly placeDep ROOT undici-types@8.3.0 OK for: @types/node@26.2.0 want: ~8.3.0
411 silly placeDep ROOT @types/http-errors@2.0.5 OK for: @types/serve-static@1.15.10 want: *
412 silly placeDep node_modules/@types/serve-static @types/send@0.17.6 OK for: @types/serve-static@1.15.10 want: <1
413 silly fetch manifest @types/mime@^1
414 silly packumentCache full:https://registry.npmjs.org/@types%2fmime cache-miss
415 http fetch GET 200 https://registry.npmjs.org/@types%2fmime 51ms (cache miss)
416 silly packumentCache full:https://registry.npmjs.org/@types%2fmime set size:undefined disposed:false
417 silly placeDep ROOT lodash@4.18.1 OK for: cloudinary@2.10.1 want: ^4.17.23
418 silly placeDep ROOT cookie@0.7.2 OK for: cookie-parser@1.4.7 want: 0.7.2
419 silly placeDep ROOT cookie-signature@1.0.6 OK for: cookie-parser@1.4.7 want: 1.0.6
420 silly placeDep ROOT object-assign@4.1.1 OK for: cors@2.8.6 want: ^4
421 silly placeDep ROOT vary@1.1.2 OK for: cors@2.8.6 want: ^1
422 silly placeDep ROOT accepts@1.3.8 OK for: express@4.22.2 want: ~1.3.8
423 silly placeDep ROOT array-flatten@1.1.1 OK for: express@4.22.2 want: 1.1.1
424 silly placeDep ROOT body-parser@1.20.6 OK for: express@4.22.2 want: ~1.20.5
425 silly placeDep ROOT content-disposition@0.5.4 OK for: express@4.22.2 want: ~0.5.4
426 silly placeDep ROOT content-type@1.0.5 OK for: express@4.22.2 want: ~1.0.4
427 silly placeDep ROOT debug@2.6.9 OK for: express@4.22.2 want: 2.6.9
428 silly placeDep ROOT depd@2.0.0 OK for: express@4.22.2 want: 2.0.0
429 silly placeDep ROOT encodeurl@2.0.0 OK for: express@4.22.2 want: ~2.0.0
430 silly placeDep ROOT escape-html@1.0.3 OK for: express@4.22.2 want: ~1.0.3
431 silly placeDep ROOT etag@1.8.1 OK for: express@4.22.2 want: ~1.8.1
432 silly placeDep ROOT finalhandler@1.3.2 OK for: express@4.22.2 want: ~1.3.1
433 silly placeDep ROOT fresh@0.5.2 OK for: express@4.22.2 want: ~0.5.2
434 silly placeDep ROOT http-errors@2.0.1 OK for: express@4.22.2 want: ~2.0.0
435 silly placeDep ROOT merge-descriptors@1.0.3 OK for: express@4.22.2 want: 1.0.3
436 silly placeDep ROOT methods@1.1.2 OK for: express@4.22.2 want: ~1.1.2
437 silly placeDep ROOT on-finished@2.4.1 OK for: express@4.22.2 want: ~2.4.1
438 silly placeDep ROOT parseurl@1.3.3 OK for: express@4.22.2 want: ~1.3.3
439 silly placeDep ROOT path-to-regexp@0.1.13 OK for: express@4.22.2 want: ~0.1.12
440 silly placeDep ROOT proxy-addr@2.0.7 OK for: express@4.22.2 want: ~2.0.7
441 silly placeDep ROOT qs@6.15.3 OK for: express@4.22.2 want: ~6.15.1
442 silly placeDep ROOT range-parser@1.2.1 OK for: express@4.22.2 want: ~1.2.1
443 silly placeDep ROOT safe-buffer@5.2.1 OK for: express@4.22.2 want: 5.2.1
444 silly placeDep ROOT send@0.19.2 OK for: express@4.22.2 want: ~0.19.0
445 silly placeDep ROOT serve-static@1.16.3 OK for: express@4.22.2 want: ~1.16.2
446 silly placeDep ROOT setprototypeof@1.2.0 OK for: express@4.22.2 want: 1.2.0
447 silly placeDep ROOT statuses@2.0.2 OK for: express@4.22.2 want: ~2.0.1
448 silly placeDep ROOT type-is@1.6.18 OK for: express@4.22.2 want: ~1.6.18
449 silly placeDep ROOT utils-merge@1.0.1 OK for: express@4.22.2 want: 1.0.1
450 silly fetch manifest mime-types@~2.1.34
451 silly packumentCache full:https://registry.npmjs.org/mime-types cache-miss
452 http fetch GET 200 https://registry.npmjs.org/mime-types 35ms (cache miss)
453 silly packumentCache full:https://registry.npmjs.org/mime-types set size:undefined disposed:false
454 silly fetch manifest negotiator@0.6.3
455 silly packumentCache full:https://registry.npmjs.org/negotiator cache-miss
456 http fetch GET 200 https://registry.npmjs.org/negotiator 20ms (cache miss)
457 silly packumentCache full:https://registry.npmjs.org/negotiator set size:undefined disposed:false
458 silly fetch manifest bytes@~3.1.2
459 silly packumentCache full:https://registry.npmjs.org/bytes cache-miss
460 http fetch GET 200 https://registry.npmjs.org/bytes 36ms (cache miss)
461 silly packumentCache full:https://registry.npmjs.org/bytes set size:undefined disposed:false
462 silly fetch manifest unpipe@~1.0.0
463 silly packumentCache full:https://registry.npmjs.org/unpipe cache-miss
464 http fetch GET 200 https://registry.npmjs.org/unpipe 20ms (cache miss)
465 silly packumentCache full:https://registry.npmjs.org/unpipe set size:undefined disposed:false
466 silly fetch manifest destroy@~1.2.0
467 silly packumentCache full:https://registry.npmjs.org/destroy cache-miss
468 http fetch GET 200 https://registry.npmjs.org/destroy 35ms (cache miss)
469 silly packumentCache full:https://registry.npmjs.org/destroy set size:undefined disposed:false
470 silly fetch manifest raw-body@~2.5.3
471 silly packumentCache full:https://registry.npmjs.org/raw-body cache-miss
472 http fetch GET 200 https://registry.npmjs.org/raw-body 24ms (cache miss)
473 silly packumentCache full:https://registry.npmjs.org/raw-body set size:undefined disposed:false
474 silly fetch manifest iconv-lite@~0.4.24
475 silly packumentCache full:https://registry.npmjs.org/iconv-lite cache-miss
476 http fetch GET 200 https://registry.npmjs.org/iconv-lite 34ms (cache miss)
477 silly packumentCache full:https://registry.npmjs.org/iconv-lite set size:undefined disposed:false
478 silly fetch manifest http-errors@~2.0.1
479 silly packumentCache full:https://registry.npmjs.org/http-errors cache-miss
480 http fetch GET 200 https://registry.npmjs.org/http-errors 4ms (cache hit)
481 silly packumentCache full:https://registry.npmjs.org/http-errors set size:71987 disposed:false
482 silly fetch manifest content-type@~1.0.5
483 silly packumentCache full:https://registry.npmjs.org/content-type cache-miss
484 http fetch GET 200 https://registry.npmjs.org/content-type 4ms (cache hit)
485 silly packumentCache full:https://registry.npmjs.org/content-type set size:21479 disposed:false
486 silly fetch manifest ms@2.0.0
487 silly packumentCache full:https://registry.npmjs.org/ms cache-miss
488 http fetch GET 200 https://registry.npmjs.org/ms 3ms (cache hit)
489 silly packumentCache full:https://registry.npmjs.org/ms set size:92208 disposed:false
490 silly fetch manifest statuses@~2.0.2
491 silly packumentCache full:https://registry.npmjs.org/statuses cache-miss
492 http fetch GET 200 https://registry.npmjs.org/statuses 6ms (cache hit)
493 silly packumentCache full:https://registry.npmjs.org/statuses set size:37117 disposed:false
494 silly fetch manifest inherits@~2.0.4
495 silly packumentCache full:https://registry.npmjs.org/inherits cache-miss
496 http fetch GET 200 https://registry.npmjs.org/inherits 23ms (cache miss)
497 silly packumentCache full:https://registry.npmjs.org/inherits set size:undefined disposed:false
498 silly fetch manifest setprototypeof@~1.2.0
499 silly packumentCache full:https://registry.npmjs.org/setprototypeof cache-miss
500 http fetch GET 200 https://registry.npmjs.org/setprototypeof 3ms (cache hit)
501 silly packumentCache full:https://registry.npmjs.org/setprototypeof set size:14532 disposed:false
502 silly fetch manifest toidentifier@~1.0.1
503 silly packumentCache full:https://registry.npmjs.org/toidentifier cache-miss
504 http fetch GET 200 https://registry.npmjs.org/toidentifier 41ms (cache miss)
505 silly packumentCache full:https://registry.npmjs.org/toidentifier set size:undefined disposed:false
506 silly fetch manifest ee-first@1.1.1
507 silly packumentCache full:https://registry.npmjs.org/ee-first cache-miss
508 http fetch GET 200 https://registry.npmjs.org/ee-first 21ms (cache miss)
509 silly packumentCache full:https://registry.npmjs.org/ee-first set size:undefined disposed:false
510 silly fetch manifest forwarded@0.2.0
511 silly packumentCache full:https://registry.npmjs.org/forwarded cache-miss
512 http fetch GET 200 https://registry.npmjs.org/forwarded 28ms (cache miss)
513 silly packumentCache full:https://registry.npmjs.org/forwarded set size:undefined disposed:false
514 silly fetch manifest ipaddr.js@1.9.1
515 silly packumentCache full:https://registry.npmjs.org/ipaddr.js cache-miss
516 http fetch GET 200 https://registry.npmjs.org/ipaddr.js 24ms (cache miss)
517 silly packumentCache full:https://registry.npmjs.org/ipaddr.js set size:undefined disposed:false
518 silly fetch manifest side-channel@^1.1.1
519 silly packumentCache full:https://registry.npmjs.org/side-channel cache-miss
520 http fetch GET 200 https://registry.npmjs.org/side-channel 49ms (cache miss)
521 silly packumentCache full:https://registry.npmjs.org/side-channel set size:undefined disposed:false
522 silly fetch manifest es-define-property@^1.0.1
523 silly packumentCache full:https://registry.npmjs.org/es-define-property cache-miss
524 http fetch GET 200 https://registry.npmjs.org/es-define-property 23ms (cache miss)
525 silly packumentCache full:https://registry.npmjs.org/es-define-property set size:undefined disposed:false
526 silly fetch manifest ms@2.1.3
527 silly packumentCache full:https://registry.npmjs.org/ms cache-hit
528 silly fetch manifest mime@1.6.0
529 silly packumentCache full:https://registry.npmjs.org/mime cache-miss
530 http fetch GET 200 https://registry.npmjs.org/mime 33ms (cache miss)
531 silly packumentCache full:https://registry.npmjs.org/mime set size:undefined disposed:false
532 silly fetch manifest destroy@1.2.0
533 silly packumentCache full:https://registry.npmjs.org/destroy cache-miss
534 http fetch GET 200 https://registry.npmjs.org/destroy 3ms (cache hit)
535 silly packumentCache full:https://registry.npmjs.org/destroy set size:15738 disposed:false
536 silly fetch manifest mime-types@~2.1.24
537 silly packumentCache full:https://registry.npmjs.org/mime-types cache-miss
538 http fetch GET 200 https://registry.npmjs.org/mime-types 2ms (cache hit)
539 silly packumentCache full:https://registry.npmjs.org/mime-types set size:139110 disposed:false
540 silly fetch manifest media-typer@0.3.0
541 silly packumentCache full:https://registry.npmjs.org/media-typer cache-miss
542 http fetch GET 200 https://registry.npmjs.org/media-typer 24ms (cache miss)
543 silly packumentCache full:https://registry.npmjs.org/media-typer set size:undefined disposed:false
544 silly placeDep ROOT mime-types@2.1.35 OK for: accepts@1.3.8 want: ~2.1.34
545 silly placeDep ROOT negotiator@0.6.3 OK for: accepts@1.3.8 want: 0.6.3
546 silly fetch manifest mime-db@1.52.0
547 silly packumentCache full:https://registry.npmjs.org/mime-db cache-miss
548 http fetch GET 200 https://registry.npmjs.org/mime-db 36ms (cache miss)
549 silly packumentCache full:https://registry.npmjs.org/mime-db set size:undefined disposed:false
550 silly placeDep ROOT bytes@3.1.2 OK for: body-parser@1.20.6 want: ~3.1.2
551 silly placeDep ROOT destroy@1.2.0 OK for: body-parser@1.20.6 want: ~1.2.0
552 silly placeDep ROOT iconv-lite@0.4.24 OK for: body-parser@1.20.6 want: ~0.4.24
553 silly placeDep ROOT raw-body@2.5.3 OK for: body-parser@1.20.6 want: ~2.5.3
554 silly placeDep ROOT unpipe@1.0.0 OK for: body-parser@1.20.6 want: ~1.0.0
555 silly fetch manifest safer-buffer@>= 2.1.2 < 3
556 silly packumentCache full:https://registry.npmjs.org/safer-buffer cache-miss
557 http fetch GET 200 https://registry.npmjs.org/safer-buffer 25ms (cache miss)
558 silly packumentCache full:https://registry.npmjs.org/safer-buffer set size:undefined disposed:false
559 silly placeDep ROOT ms@2.0.0 OK for: debug@2.6.9 want: 2.0.0
560 silly placeDep ROOT inherits@2.0.4 OK for: http-errors@2.0.1 want: ~2.0.4
561 silly placeDep ROOT toidentifier@1.0.1 OK for: http-errors@2.0.1 want: ~1.0.1
562 silly placeDep ROOT safer-buffer@2.1.2 OK for: iconv-lite@0.4.24 want: >= 2.1.2 < 3
563 silly placeDep ROOT jws@4.0.1 OK for: jsonwebtoken@9.0.3 want: ^4.0.1
564 silly placeDep ROOT lodash.includes@4.3.0 OK for: jsonwebtoken@9.0.3 want: ^4.3.0
565 silly placeDep ROOT lodash.isboolean@3.0.3 OK for: jsonwebtoken@9.0.3 want: ^3.0.3
566 silly placeDep ROOT lodash.isinteger@4.0.4 OK for: jsonwebtoken@9.0.3 want: ^4.0.4
567 silly placeDep ROOT lodash.isnumber@3.0.3 OK for: jsonwebtoken@9.0.3 want: ^3.0.3
568 silly placeDep ROOT lodash.isplainobject@4.0.6 OK for: jsonwebtoken@9.0.3 want: ^4.0.6
569 silly placeDep ROOT lodash.isstring@4.0.1 OK for: jsonwebtoken@9.0.3 want: ^4.0.1
570 silly placeDep ROOT lodash.once@4.1.1 OK for: jsonwebtoken@9.0.3 want: ^4.0.0
571 silly placeDep node_modules/jsonwebtoken ms@2.1.3 OK for: jsonwebtoken@9.0.3 want: ^2.1.1
572 silly placeDep ROOT semver@7.8.5 OK for: jsonwebtoken@9.0.3 want: ^7.5.4
573 silly fetch manifest jwa@^2.0.1
574 silly packumentCache full:https://registry.npmjs.org/jwa cache-miss
575 http fetch GET 200 https://registry.npmjs.org/jwa 37ms (cache miss)
576 silly packumentCache full:https://registry.npmjs.org/jwa set size:undefined disposed:false
577 silly placeDep ROOT jwa@2.0.1 OK for: jws@4.0.1 want: ^2.0.1
578 silly fetch manifest ecdsa-sig-formatter@1.0.11
579 silly packumentCache full:https://registry.npmjs.org/ecdsa-sig-formatter cache-miss
580 http fetch GET 200 https://registry.npmjs.org/ecdsa-sig-formatter 22ms (cache miss)
581 silly packumentCache full:https://registry.npmjs.org/ecdsa-sig-formatter set size:undefined disposed:false
582 silly fetch manifest buffer-equal-constant-time@^1.0.1
583 silly packumentCache full:https://registry.npmjs.org/buffer-equal-constant-time cache-miss
584 http fetch GET 200 https://registry.npmjs.org/buffer-equal-constant-time 30ms (cache miss)
585 silly packumentCache full:https://registry.npmjs.org/buffer-equal-constant-time set size:undefined disposed:false
586 silly placeDep ROOT buffer-equal-constant-time@1.0.1 OK for: jwa@2.0.1 want: ^1.0.1
587 silly placeDep ROOT ecdsa-sig-formatter@1.0.11 OK for: jwa@2.0.1 want: 1.0.11
588 silly placeDep ROOT mime-db@1.52.0 OK for: mime-types@2.1.35 want: 1.52.0
589 silly placeDep ROOT append-field@1.0.0 OK for: multer@1.4.5-lts.2 want: ^1.0.0
590 silly placeDep ROOT busboy@1.6.0 OK for: multer@1.4.5-lts.2 want: ^1.0.0
591 silly placeDep ROOT concat-stream@1.6.2 OK for: multer@1.4.5-lts.2 want: ^1.5.2
592 silly placeDep ROOT mkdirp@0.5.6 OK for: multer@1.4.5-lts.2 want: ^0.5.4
593 silly placeDep ROOT xtend@4.0.2 OK for: multer@1.4.5-lts.2 want: ^4.0.0
594 silly fetch manifest streamsearch@^1.1.0
595 silly packumentCache full:https://registry.npmjs.org/streamsearch cache-miss
596 http fetch GET 200 https://registry.npmjs.org/streamsearch 23ms (cache miss)
597 silly packumentCache full:https://registry.npmjs.org/streamsearch set size:undefined disposed:false
598 silly fetch manifest buffer-from@^1.0.0
599 silly packumentCache full:https://registry.npmjs.org/buffer-from cache-miss
600 http fetch GET 200 https://registry.npmjs.org/buffer-from 31ms (cache miss)
601 silly packumentCache full:https://registry.npmjs.org/buffer-from set size:undefined disposed:false
602 silly fetch manifest readable-stream@^2.2.2
603 silly packumentCache full:https://registry.npmjs.org/readable-stream cache-miss
604 http fetch GET 200 https://registry.npmjs.org/readable-stream 30ms (cache miss)
605 silly packumentCache full:https://registry.npmjs.org/readable-stream set size:undefined disposed:false
606 silly fetch manifest typedarray@^0.0.6
607 silly packumentCache full:https://registry.npmjs.org/typedarray cache-miss
608 http fetch GET 200 https://registry.npmjs.org/typedarray 29ms (cache miss)
609 silly packumentCache full:https://registry.npmjs.org/typedarray set size:undefined disposed:false
610 silly fetch manifest minimist@^1.2.6
611 silly packumentCache full:https://registry.npmjs.org/minimist cache-miss
612 http fetch GET 200 https://registry.npmjs.org/minimist 24ms (cache miss)
613 silly packumentCache full:https://registry.npmjs.org/minimist set size:undefined disposed:false
614 silly placeDep ROOT streamsearch@1.1.0 OK for: busboy@1.6.0 want: ^1.1.0
615 silly placeDep ROOT buffer-from@1.1.2 OK for: concat-stream@1.6.2 want: ^1.0.0
616 silly placeDep ROOT readable-stream@2.3.8 OK for: concat-stream@1.6.2 want: ^2.2.2
617 silly placeDep ROOT typedarray@0.0.6 OK for: concat-stream@1.6.2 want: ^0.0.6
618 silly fetch manifest isarray@~1.0.0
619 silly packumentCache full:https://registry.npmjs.org/isarray cache-miss
620 http fetch GET 200 https://registry.npmjs.org/isarray 31ms (cache miss)
621 silly packumentCache full:https://registry.npmjs.org/isarray set size:undefined disposed:false
622 silly fetch manifest safe-buffer@~5.1.1
623 silly packumentCache full:https://registry.npmjs.org/safe-buffer cache-miss
624 http fetch GET 200 https://registry.npmjs.org/safe-buffer 3ms (cache hit)
625 silly packumentCache full:https://registry.npmjs.org/safe-buffer set size:41183 disposed:false
626 silly fetch manifest core-util-is@~1.0.0
627 silly packumentCache full:https://registry.npmjs.org/core-util-is cache-miss
628 http fetch GET 200 https://registry.npmjs.org/core-util-is 22ms (cache miss)
629 silly packumentCache full:https://registry.npmjs.org/core-util-is set size:undefined disposed:false
630 silly fetch manifest string_decoder@~1.1.1
631 silly packumentCache full:https://registry.npmjs.org/string_decoder cache-miss
632 http fetch GET 200 https://registry.npmjs.org/string_decoder 31ms (cache miss)
633 silly packumentCache full:https://registry.npmjs.org/string_decoder set size:undefined disposed:false
634 silly fetch manifest util-deprecate@~1.0.1
635 silly packumentCache full:https://registry.npmjs.org/util-deprecate cache-miss
636 http fetch GET 200 https://registry.npmjs.org/util-deprecate 26ms (cache miss)
637 silly packumentCache full:https://registry.npmjs.org/util-deprecate set size:undefined disposed:false
638 silly fetch manifest process-nextick-args@~2.0.0
639 silly packumentCache full:https://registry.npmjs.org/process-nextick-args cache-miss
640 http fetch GET 200 https://registry.npmjs.org/process-nextick-args 31ms (cache miss)
641 silly packumentCache full:https://registry.npmjs.org/process-nextick-args set size:undefined disposed:false
642 silly placeDep ROOT minimist@1.2.8 OK for: mkdirp@0.5.6 want: ^1.2.6
643 silly placeDep ROOT ee-first@1.1.1 OK for: on-finished@2.4.1 want: 1.1.1
644 silly placeDep ROOT forwarded@0.2.0 OK for: proxy-addr@2.0.7 want: 0.2.0
645 silly placeDep ROOT ipaddr.js@1.9.1 OK for: proxy-addr@2.0.7 want: 1.9.1
646 silly placeDep ROOT es-define-property@1.0.1 OK for: qs@6.15.3 want: ^1.0.1
647 silly placeDep ROOT side-channel@1.1.1 OK for: qs@6.15.3 want: ^1.1.1
648 silly fetch manifest es-errors@^1.3.0
649 silly packumentCache full:https://registry.npmjs.org/es-errors cache-miss
650 http fetch GET 200 https://registry.npmjs.org/es-errors 21ms (cache miss)
651 silly packumentCache full:https://registry.npmjs.org/es-errors set size:undefined disposed:false
652 silly fetch manifest object-inspect@^1.13.4
653 silly packumentCache full:https://registry.npmjs.org/object-inspect cache-miss
654 http fetch GET 200 https://registry.npmjs.org/object-inspect 34ms (cache miss)
655 silly packumentCache full:https://registry.npmjs.org/object-inspect set size:undefined disposed:false
656 silly fetch manifest side-channel-list@^1.0.1
657 silly packumentCache full:https://registry.npmjs.org/side-channel-list cache-miss
658 http fetch GET 200 https://registry.npmjs.org/side-channel-list 22ms (cache miss)
659 silly packumentCache full:https://registry.npmjs.org/side-channel-list set size:undefined disposed:false
660 silly fetch manifest side-channel-map@^1.0.1
661 silly packumentCache full:https://registry.npmjs.org/side-channel-map cache-miss
662 http fetch GET 200 https://registry.npmjs.org/side-channel-map 37ms (cache miss)
663 silly packumentCache full:https://registry.npmjs.org/side-channel-map set size:undefined disposed:false
664 silly fetch manifest side-channel-weakmap@^1.0.2
665 silly packumentCache full:https://registry.npmjs.org/side-channel-weakmap cache-miss
666 http fetch GET 200 https://registry.npmjs.org/side-channel-weakmap 24ms (cache miss)
667 silly packumentCache full:https://registry.npmjs.org/side-channel-weakmap set size:undefined disposed:false
668 silly placeDep ROOT core-util-is@1.0.3 OK for: readable-stream@2.3.8 want: ~1.0.0
669 silly placeDep ROOT isarray@1.0.0 OK for: readable-stream@2.3.8 want: ~1.0.0
670 silly placeDep ROOT process-nextick-args@2.0.1 OK for: readable-stream@2.3.8 want: ~2.0.0
671 silly placeDep node_modules/readable-stream safe-buffer@5.1.2 OK for: readable-stream@2.3.8 want: ~5.1.1
672 silly placeDep ROOT string_decoder@1.1.1 OK for: readable-stream@2.3.8 want: ~1.1.1
673 silly placeDep ROOT util-deprecate@1.0.2 OK for: readable-stream@2.3.8 want: ~1.0.1
674 silly fetch manifest safe-buffer@~5.1.0
675 silly packumentCache full:https://registry.npmjs.org/safe-buffer cache-hit
676 silly placeDep ROOT mime@1.6.0 OK for: send@0.19.2 want: 1.6.0
677 silly placeDep node_modules/send ms@2.1.3 OK for: send@0.19.2 want: 2.1.3
678 silly placeDep ROOT es-errors@1.3.0 OK for: side-channel@1.1.1 want: ^1.3.0
679 silly placeDep ROOT object-inspect@1.13.4 OK for: side-channel@1.1.1 want: ^1.13.4
680 silly placeDep ROOT side-channel-list@1.0.1 OK for: side-channel@1.1.1 want: ^1.0.1
681 silly placeDep ROOT side-channel-map@1.0.1 OK for: side-channel@1.1.1 want: ^1.0.1
682 silly placeDep ROOT side-channel-weakmap@1.0.2 OK for: side-channel@1.1.1 want: ^1.0.2
683 silly fetch manifest call-bound@^1.0.2
684 silly packumentCache full:https://registry.npmjs.org/call-bound cache-miss
685 http fetch GET 200 https://registry.npmjs.org/call-bound 37ms (cache miss)
686 silly packumentCache full:https://registry.npmjs.org/call-bound set size:undefined disposed:false
687 silly fetch manifest get-intrinsic@^1.2.5
688 silly packumentCache full:https://registry.npmjs.org/get-intrinsic cache-miss
689 http fetch GET 200 https://registry.npmjs.org/get-intrinsic 26ms (cache miss)
690 silly packumentCache full:https://registry.npmjs.org/get-intrinsic set size:undefined disposed:false
691 silly placeDep ROOT call-bound@1.0.4 OK for: side-channel-map@1.0.1 want: ^1.0.2
692 silly placeDep ROOT get-intrinsic@1.3.0 OK for: side-channel-map@1.0.1 want: ^1.2.5
693 silly fetch manifest call-bind-apply-helpers@^1.0.2
694 silly packumentCache full:https://registry.npmjs.org/call-bind-apply-helpers cache-miss
695 http fetch GET 200 https://registry.npmjs.org/call-bind-apply-helpers 33ms (cache miss)
696 silly packumentCache full:https://registry.npmjs.org/call-bind-apply-helpers set size:undefined disposed:false
697 silly fetch manifest get-intrinsic@^1.3.0
698 silly packumentCache full:https://registry.npmjs.org/get-intrinsic cache-miss
699 http fetch GET 200 https://registry.npmjs.org/get-intrinsic 3ms (cache hit)
700 silly packumentCache full:https://registry.npmjs.org/get-intrinsic set size:60985 disposed:false
701 silly fetch manifest gopd@^1.2.0
702 silly packumentCache full:https://registry.npmjs.org/gopd cache-miss
703 http fetch GET 200 https://registry.npmjs.org/gopd 21ms (cache miss)
704 silly packumentCache full:https://registry.npmjs.org/gopd set size:undefined disposed:false
705 silly fetch manifest hasown@^2.0.2
706 silly packumentCache full:https://registry.npmjs.org/hasown cache-miss
707 http fetch GET 200 https://registry.npmjs.org/hasown 30ms (cache miss)
708 silly packumentCache full:https://registry.npmjs.org/hasown set size:undefined disposed:false
709 silly fetch manifest get-proto@^1.0.1
710 silly packumentCache full:https://registry.npmjs.org/get-proto cache-miss
711 http fetch GET 200 https://registry.npmjs.org/get-proto 20ms (cache miss)
712 silly packumentCache full:https://registry.npmjs.org/get-proto set size:undefined disposed:false
713 silly fetch manifest has-symbols@^1.1.0
714 silly packumentCache full:https://registry.npmjs.org/has-symbols cache-miss
715 http fetch GET 200 https://registry.npmjs.org/has-symbols 32ms (cache miss)
716 silly packumentCache full:https://registry.npmjs.org/has-symbols set size:undefined disposed:false
717 silly fetch manifest function-bind@^1.1.2
718 silly packumentCache full:https://registry.npmjs.org/function-bind cache-miss
719 http fetch GET 200 https://registry.npmjs.org/function-bind 20ms (cache miss)
720 silly packumentCache full:https://registry.npmjs.org/function-bind set size:undefined disposed:false
721 silly fetch manifest es-object-atoms@^1.1.1
722 silly packumentCache full:https://registry.npmjs.org/es-object-atoms cache-miss
723 http fetch GET 200 https://registry.npmjs.org/es-object-atoms 33ms (cache miss)
724 silly packumentCache full:https://registry.npmjs.org/es-object-atoms set size:undefined disposed:false
725 silly fetch manifest math-intrinsics@^1.1.0
726 silly packumentCache full:https://registry.npmjs.org/math-intrinsics cache-miss
727 http fetch GET 200 https://registry.npmjs.org/math-intrinsics 21ms (cache miss)
728 silly packumentCache full:https://registry.npmjs.org/math-intrinsics set size:undefined disposed:false
729 silly placeDep ROOT call-bind-apply-helpers@1.0.2 OK for: call-bound@1.0.4 want: ^1.0.2
730 silly placeDep ROOT function-bind@1.1.2 OK for: call-bind-apply-helpers@1.0.2 want: ^1.1.2
731 silly placeDep ROOT es-object-atoms@1.1.2 OK for: get-intrinsic@1.3.0 want: ^1.1.1
732 silly placeDep ROOT get-proto@1.0.1 OK for: get-intrinsic@1.3.0 want: ^1.0.1
733 silly placeDep ROOT gopd@1.2.0 OK for: get-intrinsic@1.3.0 want: ^1.2.0
734 silly placeDep ROOT has-symbols@1.1.0 OK for: get-intrinsic@1.3.0 want: ^1.1.0
735 silly placeDep ROOT hasown@2.0.4 OK for: get-intrinsic@1.3.0 want: ^2.0.2
736 silly placeDep ROOT math-intrinsics@1.1.0 OK for: get-intrinsic@1.3.0 want: ^1.1.0
737 silly fetch manifest dunder-proto@^1.0.1
738 silly packumentCache full:https://registry.npmjs.org/dunder-proto cache-miss
739 http fetch GET 200 https://registry.npmjs.org/dunder-proto 34ms (cache miss)
740 silly packumentCache full:https://registry.npmjs.org/dunder-proto set size:undefined disposed:false
741 silly placeDep ROOT dunder-proto@1.0.1 OK for: get-proto@1.0.1 want: ^1.0.1
742 silly placeDep node_modules/string_decoder safe-buffer@5.1.2 OK for: string_decoder@1.1.1 want: ~5.1.0
743 silly placeDep ROOT esbuild@0.28.2 OK for: tsx@4.23.12 want: ~0.28.0
744 silly placeDep ROOT fsevents@2.3.3 OK for: tsx@4.23.12 want: ~2.3.3
745 silly fetch manifest @esbuild/aix-ppc64@0.28.2
746 silly packumentCache full:https://registry.npmjs.org/@esbuild%2faix-ppc64 cache-miss
747 http fetch GET 200 https://registry.npmjs.org/@esbuild%2faix-ppc64 32ms (cache miss)
748 silly packumentCache full:https://registry.npmjs.org/@esbuild%2faix-ppc64 set size:undefined disposed:false
749 silly fetch manifest @esbuild/linux-arm@0.28.2
750 silly packumentCache full:https://registry.npmjs.org/@esbuild%2flinux-arm cache-miss
751 http fetch GET 200 https://registry.npmjs.org/@esbuild%2flinux-arm 56ms (cache miss)
752 silly packumentCache full:https://registry.npmjs.org/@esbuild%2flinux-arm set size:undefined disposed:false
753 silly fetch manifest @esbuild/linux-x64@0.28.2
754 silly packumentCache full:https://registry.npmjs.org/@esbuild%2flinux-x64 cache-miss
755 http fetch GET 200 https://registry.npmjs.org/@esbuild%2flinux-x64 64ms (cache miss)
756 silly packumentCache full:https://registry.npmjs.org/@esbuild%2flinux-x64 set size:undefined disposed:false
757 silly fetch manifest @esbuild/sunos-x64@0.28.2
758 silly packumentCache full:https://registry.npmjs.org/@esbuild%2fsunos-x64 cache-miss
759 http fetch GET 200 https://registry.npmjs.org/@esbuild%2fsunos-x64 58ms (cache miss)
760 silly packumentCache full:https://registry.npmjs.org/@esbuild%2fsunos-x64 set size:undefined disposed:false
761 silly fetch manifest @esbuild/win32-x64@0.28.2
762 silly packumentCache full:https://registry.npmjs.org/@esbuild%2fwin32-x64 cache-miss
763 http fetch GET 200 https://registry.npmjs.org/@esbuild%2fwin32-x64 37ms (cache miss)
764 silly packumentCache full:https://registry.npmjs.org/@esbuild%2fwin32-x64 set size:undefined disposed:false
765 silly fetch manifest @esbuild/darwin-x64@0.28.2
766 silly packumentCache full:https://registry.npmjs.org/@esbuild%2fdarwin-x64 cache-miss
767 http fetch GET 200 https://registry.npmjs.org/@esbuild%2fdarwin-x64 61ms (cache miss)
768 silly packumentCache full:https://registry.npmjs.org/@esbuild%2fdarwin-x64 set size:undefined disposed:false
769 silly fetch manifest @esbuild/linux-ia32@0.28.2
770 silly packumentCache full:https://registry.npmjs.org/@esbuild%2flinux-ia32 cache-miss
771 http fetch GET 200 https://registry.npmjs.org/@esbuild%2flinux-ia32 41ms (cache miss)
772 silly packumentCache full:https://registry.npmjs.org/@esbuild%2flinux-ia32 set size:undefined disposed:false
773 silly fetch manifest @esbuild/netbsd-x64@0.28.2
774 silly packumentCache full:https://registry.npmjs.org/@esbuild%2fnetbsd-x64 cache-miss
775 http fetch GET 200 https://registry.npmjs.org/@esbuild%2fnetbsd-x64 50ms (cache miss)
776 silly packumentCache full:https://registry.npmjs.org/@esbuild%2fnetbsd-x64 set size:undefined disposed:false
777 silly fetch manifest @esbuild/win32-ia32@0.28.2
778 silly packumentCache full:https://registry.npmjs.org/@esbuild%2fwin32-ia32 cache-miss
779 http fetch GET 200 https://registry.npmjs.org/@esbuild%2fwin32-ia32 42ms (cache miss)
780 silly packumentCache full:https://registry.npmjs.org/@esbuild%2fwin32-ia32 set size:undefined disposed:false
781 silly fetch manifest @esbuild/android-arm@0.28.2
782 silly packumentCache full:https://registry.npmjs.org/@esbuild%2fandroid-arm cache-miss
783 http fetch GET 200 https://registry.npmjs.org/@esbuild%2fandroid-arm 57ms (cache miss)
784 silly packumentCache full:https://registry.npmjs.org/@esbuild%2fandroid-arm set size:undefined disposed:false
785 silly fetch manifest @esbuild/android-x64@0.28.2
786 silly packumentCache full:https://registry.npmjs.org/@esbuild%2fandroid-x64 cache-miss
787 http fetch GET 200 https://registry.npmjs.org/@esbuild%2fandroid-x64 41ms (cache miss)
788 silly packumentCache full:https://registry.npmjs.org/@esbuild%2fandroid-x64 set size:undefined disposed:false
789 silly fetch manifest @esbuild/freebsd-x64@0.28.2
790 silly packumentCache full:https://registry.npmjs.org/@esbuild%2ffreebsd-x64 cache-miss
791 http fetch GET 200 https://registry.npmjs.org/@esbuild%2ffreebsd-x64 57ms (cache miss)
792 silly packumentCache full:https://registry.npmjs.org/@esbuild%2ffreebsd-x64 set size:undefined disposed:false
793 silly fetch manifest @esbuild/linux-arm64@0.28.2
794 silly packumentCache full:https://registry.npmjs.org/@esbuild%2flinux-arm64 cache-miss
795 http fetch GET 200 https://registry.npmjs.org/@esbuild%2flinux-arm64 41ms (cache miss)
796 silly packumentCache full:https://registry.npmjs.org/@esbuild%2flinux-arm64 set size:undefined disposed:false
797 silly fetch manifest @esbuild/linux-ppc64@0.28.2
798 silly packumentCache full:https://registry.npmjs.org/@esbuild%2flinux-ppc64 cache-miss
799 http fetch GET 200 https://registry.npmjs.org/@esbuild%2flinux-ppc64 79ms (cache miss)
800 silly packumentCache full:https://registry.npmjs.org/@esbuild%2flinux-ppc64 set size:undefined disposed:false
801 silly fetch manifest @esbuild/linux-s390x@0.28.2
802 silly packumentCache full:https://registry.npmjs.org/@esbuild%2flinux-s390x cache-miss
803 http fetch GET 200 https://registry.npmjs.org/@esbuild%2flinux-s390x 42ms (cache miss)
804 silly packumentCache full:https://registry.npmjs.org/@esbuild%2flinux-s390x set size:undefined disposed:false
805 silly fetch manifest @esbuild/openbsd-x64@0.28.2
806 silly packumentCache full:https://registry.npmjs.org/@esbuild%2fopenbsd-x64 cache-miss
807 http fetch GET 200 https://registry.npmjs.org/@esbuild%2fopenbsd-x64 66ms (cache miss)
808 silly packumentCache full:https://registry.npmjs.org/@esbuild%2fopenbsd-x64 set size:undefined disposed:false
809 silly fetch manifest @esbuild/win32-arm64@0.28.2
810 silly packumentCache full:https://registry.npmjs.org/@esbuild%2fwin32-arm64 cache-miss
811 http fetch GET 200 https://registry.npmjs.org/@esbuild%2fwin32-arm64 40ms (cache miss)
812 silly packumentCache full:https://registry.npmjs.org/@esbuild%2fwin32-arm64 set size:undefined disposed:false
813 silly fetch manifest @esbuild/darwin-arm64@0.28.2
814 silly packumentCache full:https://registry.npmjs.org/@esbuild%2fdarwin-arm64 cache-miss
815 http fetch GET 200 https://registry.npmjs.org/@esbuild%2fdarwin-arm64 52ms (cache miss)
816 silly packumentCache full:https://registry.npmjs.org/@esbuild%2fdarwin-arm64 set size:undefined disposed:false
817 silly fetch manifest @esbuild/netbsd-arm64@0.28.2
818 silly packumentCache full:https://registry.npmjs.org/@esbuild%2fnetbsd-arm64 cache-miss
819 http fetch GET 200 https://registry.npmjs.org/@esbuild%2fnetbsd-arm64 34ms (cache miss)
820 silly packumentCache full:https://registry.npmjs.org/@esbuild%2fnetbsd-arm64 set size:undefined disposed:false
821 silly fetch manifest @esbuild/android-arm64@0.28.2
822 silly packumentCache full:https://registry.npmjs.org/@esbuild%2fandroid-arm64 cache-miss
823 http fetch GET 200 https://registry.npmjs.org/@esbuild%2fandroid-arm64 48ms (cache miss)
824 silly packumentCache full:https://registry.npmjs.org/@esbuild%2fandroid-arm64 set size:undefined disposed:false
825 silly fetch manifest @esbuild/freebsd-arm64@0.28.2
826 silly packumentCache full:https://registry.npmjs.org/@esbuild%2ffreebsd-arm64 cache-miss
827 http fetch GET 200 https://registry.npmjs.org/@esbuild%2ffreebsd-arm64 40ms (cache miss)
828 silly packumentCache full:https://registry.npmjs.org/@esbuild%2ffreebsd-arm64 set size:undefined disposed:false
829 silly fetch manifest @esbuild/linux-loong64@0.28.2
830 silly packumentCache full:https://registry.npmjs.org/@esbuild%2flinux-loong64 cache-miss
831 http fetch GET 200 https://registry.npmjs.org/@esbuild%2flinux-loong64 53ms (cache miss)
832 silly packumentCache full:https://registry.npmjs.org/@esbuild%2flinux-loong64 set size:undefined disposed:false
833 silly fetch manifest @esbuild/linux-riscv64@0.28.2
834 silly packumentCache full:https://registry.npmjs.org/@esbuild%2flinux-riscv64 cache-miss
835 http fetch GET 200 https://registry.npmjs.org/@esbuild%2flinux-riscv64 37ms (cache miss)
836 silly packumentCache full:https://registry.npmjs.org/@esbuild%2flinux-riscv64 set size:undefined disposed:false
837 silly fetch manifest @esbuild/openbsd-arm64@0.28.2
838 silly packumentCache full:https://registry.npmjs.org/@esbuild%2fopenbsd-arm64 cache-miss
839 http fetch GET 200 https://registry.npmjs.org/@esbuild%2fopenbsd-arm64 37ms (cache miss)
840 silly packumentCache full:https://registry.npmjs.org/@esbuild%2fopenbsd-arm64 set size:undefined disposed:false
841 silly fetch manifest @esbuild/linux-mips64el@0.28.2
842 silly packumentCache full:https://registry.npmjs.org/@esbuild%2flinux-mips64el cache-miss
843 http fetch GET 200 https://registry.npmjs.org/@esbuild%2flinux-mips64el 35ms (cache miss)
844 silly packumentCache full:https://registry.npmjs.org/@esbuild%2flinux-mips64el set size:undefined disposed:false
845 silly fetch manifest @esbuild/openharmony-arm64@0.28.2
846 silly packumentCache full:https://registry.npmjs.org/@esbuild%2fopenharmony-arm64 cache-miss
847 http fetch GET 200 https://registry.npmjs.org/@esbuild%2fopenharmony-arm64 47ms (cache miss)
848 silly packumentCache full:https://registry.npmjs.org/@esbuild%2fopenharmony-arm64 set size:undefined disposed:false
849 silly placeDep ROOT @esbuild/aix-ppc64@0.28.2 OK for: esbuild@0.28.2 want: 0.28.2
850 silly placeDep ROOT @esbuild/android-arm@0.28.2 OK for: esbuild@0.28.2 want: 0.28.2
851 silly placeDep ROOT @esbuild/android-arm64@0.28.2 OK for: esbuild@0.28.2 want: 0.28.2
852 silly placeDep ROOT @esbuild/android-x64@0.28.2 OK for: esbuild@0.28.2 want: 0.28.2
853 silly placeDep ROOT @esbuild/darwin-arm64@0.28.2 OK for: esbuild@0.28.2 want: 0.28.2
854 silly placeDep ROOT @esbuild/darwin-x64@0.28.2 OK for: esbuild@0.28.2 want: 0.28.2
855 silly placeDep ROOT @esbuild/freebsd-arm64@0.28.2 OK for: esbuild@0.28.2 want: 0.28.2
856 silly placeDep ROOT @esbuild/freebsd-x64@0.28.2 OK for: esbuild@0.28.2 want: 0.28.2
857 silly placeDep ROOT @esbuild/linux-arm@0.28.2 OK for: esbuild@0.28.2 want: 0.28.2
858 silly placeDep ROOT @esbuild/linux-arm64@0.28.2 OK for: esbuild@0.28.2 want: 0.28.2
859 silly placeDep ROOT @esbuild/linux-ia32@0.28.2 OK for: esbuild@0.28.2 want: 0.28.2
860 silly placeDep ROOT @esbuild/linux-loong64@0.28.2 OK for: esbuild@0.28.2 want: 0.28.2
861 silly placeDep ROOT @esbuild/linux-mips64el@0.28.2 OK for: esbuild@0.28.2 want: 0.28.2
862 silly placeDep ROOT @esbuild/linux-ppc64@0.28.2 OK for: esbuild@0.28.2 want: 0.28.2
863 silly placeDep ROOT @esbuild/linux-riscv64@0.28.2 OK for: esbuild@0.28.2 want: 0.28.2
864 silly placeDep ROOT @esbuild/linux-s390x@0.28.2 OK for: esbuild@0.28.2 want: 0.28.2
865 silly placeDep ROOT @esbuild/linux-x64@0.28.2 OK for: esbuild@0.28.2 want: 0.28.2
866 silly placeDep ROOT @esbuild/netbsd-arm64@0.28.2 OK for: esbuild@0.28.2 want: 0.28.2
867 silly placeDep ROOT @esbuild/netbsd-x64@0.28.2 OK for: esbuild@0.28.2 want: 0.28.2
868 silly placeDep ROOT @esbuild/openbsd-arm64@0.28.2 OK for: esbuild@0.28.2 want: 0.28.2
869 silly placeDep ROOT @esbuild/openbsd-x64@0.28.2 OK for: esbuild@0.28.2 want: 0.28.2
870 silly placeDep ROOT @esbuild/openharmony-arm64@0.28.2 OK for: esbuild@0.28.2 want: 0.28.2
871 silly placeDep ROOT @esbuild/sunos-x64@0.28.2 OK for: esbuild@0.28.2 want: 0.28.2
872 silly placeDep ROOT @esbuild/win32-arm64@0.28.2 OK for: esbuild@0.28.2 want: 0.28.2
873 silly placeDep ROOT @esbuild/win32-ia32@0.28.2 OK for: esbuild@0.28.2 want: 0.28.2
874 silly placeDep ROOT @esbuild/win32-x64@0.28.2 OK for: esbuild@0.28.2 want: 0.28.2
875 silly placeDep ROOT media-typer@0.3.0 OK for: type-is@1.6.18 want: 0.3.0
876 silly placeDep ROOT @types/mime@1.3.5 OK for: @types/send@0.17.6 want: ^1
877 silly reify moves {}
878 verbose reify failed optional dependency /home/user/backend/node_modules/@esbuild/win32-x64
879 silly reify mark deleted [ '/home/user/backend/node_modules/@esbuild/win32-x64' ]
880 verbose reify failed optional dependency /home/user/backend/node_modules/@esbuild/win32-ia32
881 silly reify mark deleted [ '/home/user/backend/node_modules/@esbuild/win32-ia32' ]
882 verbose reify failed optional dependency /home/user/backend/node_modules/@esbuild/win32-arm64
883 silly reify mark deleted [ '/home/user/backend/node_modules/@esbuild/win32-arm64' ]
884 verbose reify failed optional dependency /home/user/backend/node_modules/@esbuild/sunos-x64
885 silly reify mark deleted [ '/home/user/backend/node_modules/@esbuild/sunos-x64' ]
886 verbose reify failed optional dependency /home/user/backend/node_modules/@esbuild/openharmony-arm64
887 silly reify mark deleted [ '/home/user/backend/node_modules/@esbuild/openharmony-arm64' ]
888 verbose reify failed optional dependency /home/user/backend/node_modules/@esbuild/openbsd-x64
889 silly reify mark deleted [ '/home/user/backend/node_modules/@esbuild/openbsd-x64' ]
890 verbose reify failed optional dependency /home/user/backend/node_modules/@esbuild/openbsd-arm64
891 silly reify mark deleted [ '/home/user/backend/node_modules/@esbuild/openbsd-arm64' ]
892 verbose reify failed optional dependency /home/user/backend/node_modules/@esbuild/netbsd-x64
893 silly reify mark deleted [ '/home/user/backend/node_modules/@esbuild/netbsd-x64' ]
894 verbose reify failed optional dependency /home/user/backend/node_modules/@esbuild/netbsd-arm64
895 silly reify mark deleted [ '/home/user/backend/node_modules/@esbuild/netbsd-arm64' ]
896 verbose reify failed optional dependency /home/user/backend/node_modules/@esbuild/linux-s390x
897 silly reify mark deleted [ '/home/user/backend/node_modules/@esbuild/linux-s390x' ]
898 verbose reify failed optional dependency /home/user/backend/node_modules/@esbuild/linux-riscv64
899 silly reify mark deleted [ '/home/user/backend/node_modules/@esbuild/linux-riscv64' ]
900 verbose reify failed optional dependency /home/user/backend/node_modules/@esbuild/linux-ppc64
901 silly reify mark deleted [ '/home/user/backend/node_modules/@esbuild/linux-ppc64' ]
902 verbose reify failed optional dependency /home/user/backend/node_modules/@esbuild/linux-mips64el
903 silly reify mark deleted [ '/home/user/backend/node_modules/@esbuild/linux-mips64el' ]
904 verbose reify failed optional dependency /home/user/backend/node_modules/@esbuild/linux-loong64
905 silly reify mark deleted [ '/home/user/backend/node_modules/@esbuild/linux-loong64' ]
906 verbose reify failed optional dependency /home/user/backend/node_modules/@esbuild/linux-ia32
907 silly reify mark deleted [ '/home/user/backend/node_modules/@esbuild/linux-ia32' ]
908 verbose reify failed optional dependency /home/user/backend/node_modules/@esbuild/linux-arm64
909 silly reify mark deleted [ '/home/user/backend/node_modules/@esbuild/linux-arm64' ]
910 verbose reify failed optional dependency /home/user/backend/node_modules/@esbuild/linux-arm
911 silly reify mark deleted [ '/home/user/backend/node_modules/@esbuild/linux-arm' ]
912 verbose reify failed optional dependency /home/user/backend/node_modules/@esbuild/freebsd-x64
913 silly reify mark deleted [ '/home/user/backend/node_modules/@esbuild/freebsd-x64' ]
914 verbose reify failed optional dependency /home/user/backend/node_modules/@esbuild/freebsd-arm64
915 silly reify mark deleted [ '/home/user/backend/node_modules/@esbuild/freebsd-arm64' ]
916 verbose reify failed optional dependency /home/user/backend/node_modules/@esbuild/darwin-x64
917 silly reify mark deleted [ '/home/user/backend/node_modules/@esbuild/darwin-x64' ]
918 verbose reify failed optional dependency /home/user/backend/node_modules/@esbuild/darwin-arm64
919 silly reify mark deleted [ '/home/user/backend/node_modules/@esbuild/darwin-arm64' ]
920 verbose reify failed optional dependency /home/user/backend/node_modules/@esbuild/android-x64
921 silly reify mark deleted [ '/home/user/backend/node_modules/@esbuild/android-x64' ]
922 verbose reify failed optional dependency /home/user/backend/node_modules/@esbuild/android-arm64
923 silly reify mark deleted [ '/home/user/backend/node_modules/@esbuild/android-arm64' ]
924 verbose reify failed optional dependency /home/user/backend/node_modules/@esbuild/android-arm
925 silly reify mark deleted [ '/home/user/backend/node_modules/@esbuild/android-arm' ]
926 verbose reify failed optional dependency /home/user/backend/node_modules/@esbuild/aix-ppc64
927 silly reify mark deleted [ '/home/user/backend/node_modules/@esbuild/aix-ppc64' ]
928 verbose reify failed optional dependency /home/user/backend/node_modules/fsevents
929 silly reify mark deleted [ '/home/user/backend/node_modules/fsevents' ]
930 silly tarball no local data for @types/mime@https://registry.npmjs.org/@types/mime/-/mime-1.3.5.tgz. Extracting by manifest.
931 silly tarball no local data for media-typer@https://registry.npmjs.org/media-typer/-/media-typer-0.3.0.tgz. Extracting by manifest.
932 silly tarball no local data for @esbuild/linux-x64@https://registry.npmjs.org/@esbuild/linux-x64/-/linux-x64-0.28.2.tgz. Extracting by manifest.
933 silly tarball no local data for esbuild@https://registry.npmjs.org/esbuild/-/esbuild-0.28.2.tgz. Extracting by manifest.
934 silly tarball no local data for dunder-proto@https://registry.npmjs.org/dunder-proto/-/dunder-proto-1.0.1.tgz. Extracting by manifest.
935 silly tarball no local data for math-intrinsics@https://registry.npmjs.org/math-intrinsics/-/math-intrinsics-1.1.0.tgz. Extracting by manifest.
936 silly tarball no local data for hasown@https://registry.npmjs.org/hasown/-/hasown-2.0.4.tgz. Extracting by manifest.
937 silly tarball no local data for has-symbols@https://registry.npmjs.org/has-symbols/-/has-symbols-1.1.0.tgz. Extracting by manifest.
938 silly tarball no local data for gopd@https://registry.npmjs.org/gopd/-/gopd-1.2.0.tgz. Extracting by manifest.
939 silly tarball no local data for get-proto@https://registry.npmjs.org/get-proto/-/get-proto-1.0.1.tgz. Extracting by manifest.
940 silly tarball no local data for es-object-atoms@https://registry.npmjs.org/es-object-atoms/-/es-object-atoms-1.1.2.tgz. Extracting by manifest.
941 silly tarball no local data for function-bind@https://registry.npmjs.org/function-bind/-/function-bind-1.1.2.tgz. Extracting by manifest.
942 silly tarball no local data for call-bind-apply-helpers@https://registry.npmjs.org/call-bind-apply-helpers/-/call-bind-apply-helpers-1.0.2.tgz. Extracting by manifest.
943 silly tarball no local data for get-intrinsic@https://registry.npmjs.org/get-intrinsic/-/get-intrinsic-1.3.0.tgz. Extracting by manifest.
944 silly tarball no local data for call-bound@https://registry.npmjs.org/call-bound/-/call-bound-1.0.4.tgz. Extracting by manifest.
945 silly tarball no local data for side-channel-weakmap@https://registry.npmjs.org/side-channel-weakmap/-/side-channel-weakmap-1.0.2.tgz. Extracting by manifest.
946 silly tarball no local data for side-channel-map@https://registry.npmjs.org/side-channel-map/-/side-channel-map-1.0.1.tgz. Extracting by manifest.
947 silly tarball no local data for side-channel-list@https://registry.npmjs.org/side-channel-list/-/side-channel-list-1.0.1.tgz. Extracting by manifest.
948 silly tarball no local data for object-inspect@https://registry.npmjs.org/object-inspect/-/object-inspect-1.13.4.tgz. Extracting by manifest.
949 silly tarball no local data for es-errors@https://registry.npmjs.org/es-errors/-/es-errors-1.3.0.tgz. Extracting by manifest.
950 silly tarball no local data for mime@https://registry.npmjs.org/mime/-/mime-1.6.0.tgz. Extracting by manifest.
951 silly tarball no local data for util-deprecate@https://registry.npmjs.org/util-deprecate/-/util-deprecate-1.0.2.tgz. Extracting by manifest.
952 silly tarball no local data for string_decoder@https://registry.npmjs.org/string_decoder/-/string_decoder-1.1.1.tgz. Extracting by manifest.
953 silly tarball no local data for process-nextick-args@https://registry.npmjs.org/process-nextick-args/-/process-nextick-args-2.0.1.tgz. Extracting by manifest.
954 silly tarball no local data for isarray@https://registry.npmjs.org/isarray/-/isarray-1.0.0.tgz. Extracting by manifest.
955 silly tarball no local data for core-util-is@https://registry.npmjs.org/core-util-is/-/core-util-is-1.0.3.tgz. Extracting by manifest.
956 silly tarball no local data for side-channel@https://registry.npmjs.org/side-channel/-/side-channel-1.1.1.tgz. Extracting by manifest.
957 silly tarball no local data for es-define-property@https://registry.npmjs.org/es-define-property/-/es-define-property-1.0.1.tgz. Extracting by manifest.
958 silly tarball no local data for ipaddr.js@https://registry.npmjs.org/ipaddr.js/-/ipaddr.js-1.9.1.tgz. Extracting by manifest.
959 silly tarball no local data for forwarded@https://registry.npmjs.org/forwarded/-/forwarded-0.2.0.tgz. Extracting by manifest.
960 silly tarball no local data for ee-first@https://registry.npmjs.org/ee-first/-/ee-first-1.1.1.tgz. Extracting by manifest.
961 silly tarball no local data for minimist@https://registry.npmjs.org/minimist/-/minimist-1.2.8.tgz. Extracting by manifest.
962 silly tarball no local data for typedarray@https://registry.npmjs.org/typedarray/-/typedarray-0.0.6.tgz. Extracting by manifest.
963 silly tarball no local data for readable-stream@https://registry.npmjs.org/readable-stream/-/readable-stream-2.3.8.tgz. Extracting by manifest.
964 silly tarball no local data for buffer-from@https://registry.npmjs.org/buffer-from/-/buffer-from-1.1.2.tgz. Extracting by manifest.
965 silly tarball no local data for streamsearch@https://registry.npmjs.org/streamsearch/-/streamsearch-1.1.0.tgz. Extracting by manifest.
966 silly tarball no local data for xtend@https://registry.npmjs.org/xtend/-/xtend-4.0.2.tgz. Extracting by manifest.
967 silly tarball no local data for mkdirp@https://registry.npmjs.org/mkdirp/-/mkdirp-0.5.6.tgz. Extracting by manifest.
968 silly tarball no local data for concat-stream@https://registry.npmjs.org/concat-stream/-/concat-stream-1.6.2.tgz. Extracting by manifest.
969 silly tarball no local data for busboy@https://registry.npmjs.org/busboy/-/busboy-1.6.0.tgz. Extracting by manifest.
970 silly tarball no local data for append-field@https://registry.npmjs.org/append-field/-/append-field-1.0.0.tgz. Extracting by manifest.
971 silly tarball no local data for mime-db@https://registry.npmjs.org/mime-db/-/mime-db-1.52.0.tgz. Extracting by manifest.
972 silly tarball no local data for ecdsa-sig-formatter@https://registry.npmjs.org/ecdsa-sig-formatter/-/ecdsa-sig-formatter-1.0.11.tgz. Extracting by manifest.
973 silly tarball no local data for buffer-equal-constant-time@https://registry.npmjs.org/buffer-equal-constant-time/-/buffer-equal-constant-time-1.0.1.tgz. Extracting by manifest.
974 silly tarball no local data for jwa@https://registry.npmjs.org/jwa/-/jwa-2.0.1.tgz. Extracting by manifest.
975 silly tarball no local data for semver@https://registry.npmjs.org/semver/-/semver-7.8.5.tgz. Extracting by manifest.
976 silly tarball no local data for lodash.once@https://registry.npmjs.org/lodash.once/-/lodash.once-4.1.1.tgz. Extracting by manifest.
977 silly tarball no local data for lodash.isstring@https://registry.npmjs.org/lodash.isstring/-/lodash.isstring-4.0.1.tgz. Extracting by manifest.
978 silly tarball no local data for lodash.isplainobject@https://registry.npmjs.org/lodash.isplainobject/-/lodash.isplainobject-4.0.6.tgz. Extracting by manifest.
979 silly tarball no local data for lodash.isnumber@https://registry.npmjs.org/lodash.isnumber/-/lodash.isnumber-3.0.3.tgz. Extracting by manifest.
980 silly tarball no local data for lodash.isinteger@https://registry.npmjs.org/lodash.isinteger/-/lodash.isinteger-4.0.4.tgz. Extracting by manifest.
981 silly tarball no local data for lodash.isboolean@https://registry.npmjs.org/lodash.isboolean/-/lodash.isboolean-3.0.3.tgz. Extracting by manifest.
982 silly tarball no local data for lodash.includes@https://registry.npmjs.org/lodash.includes/-/lodash.includes-4.3.0.tgz. Extracting by manifest.
983 silly tarball no local data for jws@https://registry.npmjs.org/jws/-/jws-4.0.1.tgz. Extracting by manifest.
984 silly tarball no local data for safer-buffer@https://registry.npmjs.org/safer-buffer/-/safer-buffer-2.1.2.tgz. Extracting by manifest.
985 silly tarball no local data for toidentifier@https://registry.npmjs.org/toidentifier/-/toidentifier-1.0.1.tgz. Extracting by manifest.
986 silly tarball no local data for inherits@https://registry.npmjs.org/inherits/-/inherits-2.0.4.tgz. Extracting by manifest.
987 silly tarball no local data for ms@https://registry.npmjs.org/ms/-/ms-2.0.0.tgz. Extracting by manifest.
988 silly tarball no local data for unpipe@https://registry.npmjs.org/unpipe/-/unpipe-1.0.0.tgz. Extracting by manifest.
989 silly tarball no local data for raw-body@https://registry.npmjs.org/raw-body/-/raw-body-2.5.3.tgz. Extracting by manifest.
990 silly tarball no local data for iconv-lite@https://registry.npmjs.org/iconv-lite/-/iconv-lite-0.4.24.tgz. Extracting by manifest.
991 silly tarball no local data for destroy@https://registry.npmjs.org/destroy/-/destroy-1.2.0.tgz. Extracting by manifest.
992 silly tarball no local data for bytes@https://registry.npmjs.org/bytes/-/bytes-3.1.2.tgz. Extracting by manifest.
993 silly tarball no local data for negotiator@https://registry.npmjs.org/negotiator/-/negotiator-0.6.3.tgz. Extracting by manifest.
994 silly tarball no local data for mime-types@https://registry.npmjs.org/mime-types/-/mime-types-2.1.35.tgz. Extracting by manifest.
995 silly tarball no local data for utils-merge@https://registry.npmjs.org/utils-merge/-/utils-merge-1.0.1.tgz. Extracting by manifest.
996 silly tarball no local data for type-is@https://registry.npmjs.org/type-is/-/type-is-1.6.18.tgz. Extracting by manifest.
997 silly tarball no local data for statuses@https://registry.npmjs.org/statuses/-/statuses-2.0.2.tgz. Extracting by manifest.
998 silly tarball no local data for setprototypeof@https://registry.npmjs.org/setprototypeof/-/setprototypeof-1.2.0.tgz. Extracting by manifest.
999 silly tarball no local data for serve-static@https://registry.npmjs.org/serve-static/-/serve-static-1.16.3.tgz. Extracting by manifest.
1000 silly tarball no local data for send@https://registry.npmjs.org/send/-/send-0.19.2.tgz. Extracting by manifest.
1001 silly tarball no local data for safe-buffer@https://registry.npmjs.org/safe-buffer/-/safe-buffer-5.2.1.tgz. Extracting by manifest.
1002 silly tarball no local data for range-parser@https://registry.npmjs.org/range-parser/-/range-parser-1.2.1.tgz. Extracting by manifest.
1003 silly tarball no local data for qs@https://registry.npmjs.org/qs/-/qs-6.15.3.tgz. Extracting by manifest.
1004 silly tarball no local data for proxy-addr@https://registry.npmjs.org/proxy-addr/-/proxy-addr-2.0.7.tgz. Extracting by manifest.
1005 silly tarball no local data for path-to-regexp@https://registry.npmjs.org/path-to-regexp/-/path-to-regexp-0.1.13.tgz. Extracting by manifest.
1006 silly tarball no local data for parseurl@https://registry.npmjs.org/parseurl/-/parseurl-1.3.3.tgz. Extracting by manifest.
1007 silly tarball no local data for on-finished@https://registry.npmjs.org/on-finished/-/on-finished-2.4.1.tgz. Extracting by manifest.
1008 silly tarball no local data for methods@https://registry.npmjs.org/methods/-/methods-1.1.2.tgz. Extracting by manifest.
1009 silly tarball no local data for merge-descriptors@https://registry.npmjs.org/merge-descriptors/-/merge-descriptors-1.0.3.tgz. Extracting by manifest.
1010 silly tarball no local data for http-errors@https://registry.npmjs.org/http-errors/-/http-errors-2.0.1.tgz. Extracting by manifest.
1011 silly tarball no local data for fresh@https://registry.npmjs.org/fresh/-/fresh-0.5.2.tgz. Extracting by manifest.
1012 silly tarball no local data for finalhandler@https://registry.npmjs.org/finalhandler/-/finalhandler-1.3.2.tgz. Extracting by manifest.
1013 silly tarball no local data for etag@https://registry.npmjs.org/etag/-/etag-1.8.1.tgz. Extracting by manifest.
1014 silly tarball no local data for escape-html@https://registry.npmjs.org/escape-html/-/escape-html-1.0.3.tgz. Extracting by manifest.
1015 silly tarball no local data for encodeurl@https://registry.npmjs.org/encodeurl/-/encodeurl-2.0.0.tgz. Extracting by manifest.
1016 silly tarball no local data for depd@https://registry.npmjs.org/depd/-/depd-2.0.0.tgz. Extracting by manifest.
1017 silly tarball no local data for debug@https://registry.npmjs.org/debug/-/debug-2.6.9.tgz. Extracting by manifest.
1018 silly tarball no local data for content-type@https://registry.npmjs.org/content-type/-/content-type-1.0.5.tgz. Extracting by manifest.
1019 silly tarball no local data for content-disposition@https://registry.npmjs.org/content-disposition/-/content-disposition-0.5.4.tgz. Extracting by manifest.
1020 silly tarball no local data for body-parser@https://registry.npmjs.org/body-parser/-/body-parser-1.20.6.tgz. Extracting by manifest.
1021 silly tarball no local data for array-flatten@https://registry.npmjs.org/array-flatten/-/array-flatten-1.1.1.tgz. Extracting by manifest.
1022 silly tarball no local data for accepts@https://registry.npmjs.org/accepts/-/accepts-1.3.8.tgz. Extracting by manifest.
1023 silly tarball no local data for vary@https://registry.npmjs.org/vary/-/vary-1.1.2.tgz. Extracting by manifest.
1024 silly tarball no local data for object-assign@https://registry.npmjs.org/object-assign/-/object-assign-4.1.1.tgz. Extracting by manifest.
1025 silly tarball no local data for cookie-signature@https://registry.npmjs.org/cookie-signature/-/cookie-signature-1.0.6.tgz. Extracting by manifest.
1026 silly tarball no local data for cookie@https://registry.npmjs.org/cookie/-/cookie-0.7.2.tgz. Extracting by manifest.
1027 silly tarball no local data for lodash@https://registry.npmjs.org/lodash/-/lodash-4.18.1.tgz. Extracting by manifest.
1028 silly tarball no local data for @types/http-errors@https://registry.npmjs.org/@types/http-errors/-/http-errors-2.0.5.tgz. Extracting by manifest.
1029 silly tarball no local data for undici-types@https://registry.npmjs.org/undici-types/-/undici-types-8.3.0.tgz. Extracting by manifest.
1030 silly tarball no local data for @types/ms@https://registry.npmjs.org/@types/ms/-/ms-2.1.0.tgz. Extracting by manifest.
1031 silly tarball no local data for @types/send@https://registry.npmjs.org/@types/send/-/send-1.2.1.tgz. Extracting by manifest.
1032 silly tarball no local data for @types/range-parser@https://registry.npmjs.org/@types/range-parser/-/range-parser-1.2.7.tgz. Extracting by manifest.
1033 silly tarball no local data for @types/node@https://registry.npmjs.org/@types/node/-/node-26.2.0.tgz. Extracting by manifest.
1034 silly tarball no local data for @types/connect@https://registry.npmjs.org/@types/connect/-/connect-3.4.38.tgz. Extracting by manifest.
1035 silly tarball no local data for @types/serve-static@https://registry.npmjs.org/@types/serve-static/-/serve-static-1.15.10.tgz. Extracting by manifest.
1036 silly tarball no local data for @types/qs@https://registry.npmjs.org/@types/qs/-/qs-6.15.1.tgz. Extracting by manifest.
1037 silly tarball no local data for @types/express-serve-static-core@https://registry.npmjs.org/@types/express-serve-static-core/-/express-serve-static-core-4.19.9.tgz. Extracting by manifest.
1038 silly tarball no local data for @types/body-parser@https://registry.npmjs.org/@types/body-parser/-/body-parser-1.19.6.tgz. Extracting by manifest.
1039 silly tarball no local data for zod@https://registry.npmjs.org/zod/-/zod-3.25.76.tgz. Extracting by manifest.
1040 silly tarball no local data for ws@https://registry.npmjs.org/ws/-/ws-8.21.3.tgz. Extracting by manifest.
1041 silly tarball no local data for uuid@https://registry.npmjs.org/uuid/-/uuid-10.0.0.tgz. Extracting by manifest.
1042 silly tarball no local data for typescript@https://registry.npmjs.org/typescript/-/typescript-5.9.3.tgz. Extracting by manifest.
1043 silly tarball no local data for tsx@https://registry.npmjs.org/tsx/-/tsx-4.23.12.tgz. Extracting by manifest.
1044 silly tarball no local data for multer@https://registry.npmjs.org/multer/-/multer-1.4.5-lts.2.tgz. Extracting by manifest.
1045 silly tarball no local data for jsonwebtoken@https://registry.npmjs.org/jsonwebtoken/-/jsonwebtoken-9.0.3.tgz. Extracting by manifest.
1046 silly tarball no local data for helmet@https://registry.npmjs.org/helmet/-/helmet-7.2.0.tgz. Extracting by manifest.
1047 silly tarball no local data for express-rate-limit@https://registry.npmjs.org/express-rate-limit/-/express-rate-limit-7.5.1.tgz. Extracting by manifest.
1048 silly tarball no local data for express@https://registry.npmjs.org/express/-/express-4.22.2.tgz. Extracting by manifest.
1049 silly tarball no local data for dotenv@https://registry.npmjs.org/dotenv/-/dotenv-16.6.1.tgz. Extracting by manifest.
1050 silly tarball no local data for cors@https://registry.npmjs.org/cors/-/cors-2.8.6.tgz. Extracting by manifest.
1051 silly tarball no local data for cookie-parser@https://registry.npmjs.org/cookie-parser/-/cookie-parser-1.4.7.tgz. Extracting by manifest.
1052 silly tarball no local data for cloudinary@https://registry.npmjs.org/cloudinary/-/cloudinary-2.10.1.tgz. Extracting by manifest.
1053 silly tarball no local data for bcryptjs@https://registry.npmjs.org/bcryptjs/-/bcryptjs-2.4.3.tgz. Extracting by manifest.
1054 silly tarball no local data for @types/ws@https://registry.npmjs.org/@types/ws/-/ws-8.18.1.tgz. Extracting by manifest.
1055 silly tarball no local data for @types/uuid@https://registry.npmjs.org/@types/uuid/-/uuid-10.0.0.tgz. Extracting by manifest.
1056 silly tarball no local data for @types/multer@https://registry.npmjs.org/@types/multer/-/multer-1.4.13.tgz. Extracting by manifest.
1057 silly tarball no local data for @types/jsonwebtoken@https://registry.npmjs.org/@types/jsonwebtoken/-/jsonwebtoken-9.0.10.tgz. Extracting by manifest.
1058 silly tarball no local data for @types/express@https://registry.npmjs.org/@types/express/-/express-4.17.25.tgz. Extracting by manifest.
1059 silly tarball no local data for @types/cookie-parser@https://registry.npmjs.org/@types/cookie-parser/-/cookie-parser-1.4.10.tgz. Extracting by manifest.
1060 silly tarball no local data for @types/bcryptjs@https://registry.npmjs.org/@types/bcryptjs/-/bcryptjs-2.4.6.tgz. Extracting by manifest.
1061 silly tarball no local data for safe-buffer@https://registry.npmjs.org/safe-buffer/-/safe-buffer-5.1.2.tgz. Extracting by manifest.
1062 silly tarball no local data for safe-buffer@https://registry.npmjs.org/safe-buffer/-/safe-buffer-5.1.2.tgz. Extracting by manifest.
1063 silly tarball no local data for ms@https://registry.npmjs.org/ms/-/ms-2.1.3.tgz. Extracting by manifest.
1064 silly tarball no local data for @types/send@https://registry.npmjs.org/@types/send/-/send-0.17.6.tgz. Extracting by manifest.
1065 silly tarball no local data for ms@https://registry.npmjs.org/ms/-/ms-2.1.3.tgz. Extracting by manifest.
1066 http fetch GET 200 https://registry.npmjs.org/@types/mime/-/mime-1.3.5.tgz 350ms (cache miss)
1067 http fetch GET 200 https://registry.npmjs.org/media-typer/-/media-typer-0.3.0.tgz 392ms (cache miss)
1068 http fetch GET 200 https://registry.npmjs.org/side-channel-weakmap/-/side-channel-weakmap-1.0.2.tgz 607ms (cache miss)
1069 http fetch GET 200 https://registry.npmjs.org/side-channel-list/-/side-channel-list-1.0.1.tgz 724ms (cache miss)
1070 http fetch GET 200 https://registry.npmjs.org/side-channel-map/-/side-channel-map-1.0.1.tgz 826ms (cache miss)
1071 http fetch GET 200 https://registry.npmjs.org/es-errors/-/es-errors-1.3.0.tgz 826ms (cache miss)
1072 http fetch GET 200 https://registry.npmjs.org/hasown/-/hasown-2.0.4.tgz 869ms (cache miss)
1073 http fetch GET 200 https://registry.npmjs.org/util-deprecate/-/util-deprecate-1.0.2.tgz 862ms (cache miss)
1074 http fetch GET 200 https://registry.npmjs.org/core-util-is/-/core-util-is-1.0.3.tgz 965ms (cache miss)
1075 http fetch GET 200 https://registry.npmjs.org/isarray/-/isarray-1.0.0.tgz 965ms (cache miss)
1076 http fetch GET 200 https://registry.npmjs.org/get-proto/-/get-proto-1.0.1.tgz 1005ms (cache miss)
1077 http fetch GET 200 https://registry.npmjs.org/process-nextick-args/-/process-nextick-args-2.0.1.tgz 997ms (cache miss)
1078 http fetch GET 200 https://registry.npmjs.org/concat-stream/-/concat-stream-1.6.2.tgz 985ms (cache miss)
1079 http fetch GET 200 https://registry.npmjs.org/lodash.isboolean/-/lodash.isboolean-3.0.3.tgz 977ms (cache miss)
1080 http fetch GET 200 https://registry.npmjs.org/forwarded/-/forwarded-0.2.0.tgz 1006ms (cache miss)
1081 http fetch GET 200 https://registry.npmjs.org/ee-first/-/ee-first-1.1.1.tgz 1007ms (cache miss)
1082 http fetch GET 200 https://registry.npmjs.org/buffer-from/-/buffer-from-1.1.2.tgz 1012ms (cache miss)
1083 http fetch GET 200 https://registry.npmjs.org/xtend/-/xtend-4.0.2.tgz 1012ms (cache miss)
1084 http fetch GET 200 https://registry.npmjs.org/mkdirp/-/mkdirp-0.5.6.tgz 1011ms (cache miss)
1085 http fetch GET 200 https://registry.npmjs.org/jwa/-/jwa-2.0.1.tgz 1016ms (cache miss)
1086 http fetch GET 200 https://registry.npmjs.org/lodash.isinteger/-/lodash.isinteger-4.0.4.tgz 1013ms (cache miss)
1087 http fetch GET 200 https://registry.npmjs.org/jws/-/jws-4.0.1.tgz 1009ms (cache miss)
1088 http fetch GET 200 https://registry.npmjs.org/toidentifier/-/toidentifier-1.0.1.tgz 1008ms (cache miss)
1089 http fetch GET 200 https://registry.npmjs.org/type-is/-/type-is-1.6.18.tgz 992ms (cache miss)
1090 http fetch GET 200 https://registry.npmjs.org/serve-static/-/serve-static-1.16.3.tgz 984ms (cache miss)
1091 http fetch GET 200 https://registry.npmjs.org/gopd/-/gopd-1.2.0.tgz 1050ms (cache miss)
1092 http fetch GET 200 https://registry.npmjs.org/es-define-property/-/es-define-property-1.0.1.tgz 1037ms (cache miss)
1093 http fetch GET 200 https://registry.npmjs.org/buffer-equal-constant-time/-/buffer-equal-constant-time-1.0.1.tgz 1026ms (cache miss)
1094 http fetch GET 200 https://registry.npmjs.org/lodash.isnumber/-/lodash.isnumber-3.0.3.tgz 1024ms (cache miss)
1095 http fetch GET 200 https://registry.npmjs.org/path-to-regexp/-/path-to-regexp-0.1.13.tgz 988ms (cache miss)
1096 http fetch GET 200 https://registry.npmjs.org/es-object-atoms/-/es-object-atoms-1.1.2.tgz 1056ms (cache miss)
1097 http fetch GET 200 https://registry.npmjs.org/typedarray/-/typedarray-0.0.6.tgz 1042ms (cache miss)
1098 http fetch GET 200 https://registry.npmjs.org/append-field/-/append-field-1.0.0.tgz 1034ms (cache miss)
1099 http fetch GET 200 https://registry.npmjs.org/lodash.once/-/lodash.once-4.1.1.tgz 1032ms (cache miss)
1100 http fetch GET 200 https://registry.npmjs.org/inherits/-/inherits-2.0.4.tgz 1024ms (cache miss)
1101 http fetch GET 200 https://registry.npmjs.org/ms/-/ms-2.0.0.tgz 1023ms (cache miss)
1102 http fetch GET 200 https://registry.npmjs.org/setprototypeof/-/setprototypeof-1.2.0.tgz 1001ms (cache miss)
1103 http fetch GET 200 https://registry.npmjs.org/fresh/-/fresh-0.5.2.tgz 987ms (cache miss)
1104 http fetch GET 200 https://registry.npmjs.org/string_decoder/-/string_decoder-1.1.1.tgz 1054ms (cache miss)
1105 http fetch GET 200 https://registry.npmjs.org/call-bound/-/call-bound-1.0.4.tgz 1061ms (cache miss)
1106 http fetch GET 200 https://registry.npmjs.org/lodash.isplainobject/-/lodash.isplainobject-4.0.6.tgz 1037ms (cache miss)
1107 http fetch GET 200 https://registry.npmjs.org/lodash.isstring/-/lodash.isstring-4.0.1.tgz 1038ms (cache miss)
1108 http fetch GET 200 https://registry.npmjs.org/parseurl/-/parseurl-1.3.3.tgz 1000ms (cache miss)
1109 http fetch GET 200 https://registry.npmjs.org/on-finished/-/on-finished-2.4.1.tgz 1000ms (cache miss)
1110 http fetch GET 200 https://registry.npmjs.org/cookie/-/cookie-0.7.2.tgz 977ms (cache miss)
1111 http fetch GET 200 https://registry.npmjs.org/accepts/-/accepts-1.3.8.tgz 986ms (cache miss)
1112 http fetch GET 200 https://registry.npmjs.org/dunder-proto/-/dunder-proto-1.0.1.tgz 1075ms (cache miss)
1113 http fetch GET 200 https://registry.npmjs.org/streamsearch/-/streamsearch-1.1.0.tgz 1053ms (cache miss)
1114 http fetch GET 200 https://registry.npmjs.org/ecdsa-sig-formatter/-/ecdsa-sig-formatter-1.0.11.tgz 1051ms (cache miss)
1115 http fetch GET 200 https://registry.npmjs.org/destroy/-/destroy-1.2.0.tgz 1038ms (cache miss)
1116 http fetch GET 200 https://registry.npmjs.org/bytes/-/bytes-3.1.2.tgz 1037ms (cache miss)
1117 http fetch GET 200 https://registry.npmjs.org/utils-merge/-/utils-merge-1.0.1.tgz 1026ms (cache miss)
1118 http fetch GET 200 https://registry.npmjs.org/http-errors/-/http-errors-2.0.1.tgz 1008ms (cache miss)
1119 http fetch GET 200 https://registry.npmjs.org/encodeurl/-/encodeurl-2.0.0.tgz 1000ms (cache miss)
1120 http fetch GET 200 https://registry.npmjs.org/unpipe/-/unpipe-1.0.0.tgz 1046ms (cache miss)
1121 http fetch GET 200 https://registry.npmjs.org/range-parser/-/range-parser-1.2.1.tgz 1020ms (cache miss)
1122 http fetch GET 200 https://registry.npmjs.org/methods/-/methods-1.1.2.tgz 1016ms (cache miss)
1123 http fetch GET 200 https://registry.npmjs.org/safe-buffer/-/safe-buffer-5.2.1.tgz 1022ms (cache miss)
1124 http fetch GET 200 https://registry.npmjs.org/cookie-signature/-/cookie-signature-1.0.6.tgz 999ms (cache miss)
1125 http fetch GET 200 https://registry.npmjs.org/content-disposition/-/content-disposition-0.5.4.tgz 1005ms (cache miss)
1126 http fetch GET 200 https://registry.npmjs.org/@types/serve-static/-/serve-static-1.15.10.tgz 987ms (cache miss)
1127 http fetch GET 200 https://registry.npmjs.org/@types/body-parser/-/body-parser-1.19.6.tgz 985ms (cache miss)
1128 http fetch GET 200 https://registry.npmjs.org/raw-body/-/raw-body-2.5.3.tgz 1057ms (cache miss)
1129 http fetch GET 200 https://registry.npmjs.org/statuses/-/statuses-2.0.2.tgz 1037ms (cache miss)
1130 http fetch GET 200 https://registry.npmjs.org/merge-descriptors/-/merge-descriptors-1.0.3.tgz 1027ms (cache miss)
1131 http fetch GET 200 https://registry.npmjs.org/content-type/-/content-type-1.0.5.tgz 1017ms (cache miss)
1132 http fetch GET 200 https://registry.npmjs.org/@types/range-parser/-/range-parser-1.2.7.tgz 1002ms (cache miss)
1133 http fetch GET 200 https://registry.npmjs.org/@types/ms/-/ms-2.1.0.tgz 1004ms (cache miss)
1134 http fetch GET 200 https://registry.npmjs.org/vary/-/vary-1.1.2.tgz 1017ms (cache miss)
1135 http fetch GET 200 https://registry.npmjs.org/lodash.includes/-/lodash.includes-4.3.0.tgz 1068ms (cache miss)
1136 http fetch GET 200 https://registry.npmjs.org/negotiator/-/negotiator-0.6.3.tgz 1063ms (cache miss)
1137 http fetch GET 200 https://registry.npmjs.org/proxy-addr/-/proxy-addr-2.0.7.tgz 1038ms (cache miss)
1138 http fetch GET 200 https://registry.npmjs.org/finalhandler/-/finalhandler-1.3.2.tgz 1028ms (cache miss)
1139 http fetch GET 200 https://registry.npmjs.org/etag/-/etag-1.8.1.tgz 1027ms (cache miss)
1140 http fetch GET 200 https://registry.npmjs.org/object-assign/-/object-assign-4.1.1.tgz 1019ms (cache miss)
1141 http fetch GET 200 https://registry.npmjs.org/escape-html/-/escape-html-1.0.3.tgz 1027ms (cache miss)
1142 http fetch GET 200 https://registry.npmjs.org/@types/connect/-/connect-3.4.38.tgz 1007ms (cache miss)
1143 http fetch GET 200 https://registry.npmjs.org/@types/express/-/express-4.17.25.tgz 981ms (cache miss)
1144 http fetch GET 200 https://registry.npmjs.org/side-channel/-/side-channel-1.1.1.tgz 1096ms (cache miss)
1145 http fetch GET 200 https://registry.npmjs.org/ipaddr.js/-/ipaddr.js-1.9.1.tgz 1096ms (cache miss)
1146 http fetch GET 200 https://registry.npmjs.org/mime-types/-/mime-types-2.1.35.tgz 1071ms (cache miss)
1147 http fetch GET 200 https://registry.npmjs.org/@types/http-errors/-/http-errors-2.0.5.tgz 1020ms (cache miss)
1148 http fetch GET 200 https://registry.npmjs.org/@types/express-serve-static-core/-/express-serve-static-core-4.19.9.tgz 1012ms (cache miss)
1149 http fetch GET 200 https://registry.npmjs.org/ms/-/ms-2.1.3.tgz 985ms (cache miss)
1150 http fetch GET 200 https://registry.npmjs.org/call-bind-apply-helpers/-/call-bind-apply-helpers-1.0.2.tgz 1114ms (cache miss)
1151 http fetch GET 200 https://registry.npmjs.org/has-symbols/-/has-symbols-1.1.0.tgz 1118ms (cache miss)
1152 http fetch GET 200 https://registry.npmjs.org/safer-buffer/-/safer-buffer-2.1.2.tgz 1082ms (cache miss)
1153 http fetch GET 200 https://registry.npmjs.org/array-flatten/-/array-flatten-1.1.1.tgz 1036ms (cache miss)
1154 http fetch GET 200 https://registry.npmjs.org/multer/-/multer-1.4.5-lts.2.tgz 1002ms (cache miss)
1155 http fetch GET 200 https://registry.npmjs.org/@types/cookie-parser/-/cookie-parser-1.4.10.tgz 994ms (cache miss)
1156 http fetch GET 200 https://registry.npmjs.org/cors/-/cors-2.8.6.tgz 999ms (cache miss)
1157 http fetch GET 200 https://registry.npmjs.org/@types/uuid/-/uuid-10.0.0.tgz 997ms (cache miss)
1158 http fetch GET 200 https://registry.npmjs.org/safe-buffer/-/safe-buffer-5.1.2.tgz 994ms (cache miss)
1159 http fetch GET 200 https://registry.npmjs.org/get-intrinsic/-/get-intrinsic-1.3.0.tgz 1120ms (cache miss)
1160 http fetch GET 200 https://registry.npmjs.org/@types/send/-/send-1.2.1.tgz 1030ms (cache miss)
1161 http fetch GET 200 https://registry.npmjs.org/@types/qs/-/qs-6.15.1.tgz 1025ms (cache miss)
1162 http fetch GET 200 https://registry.npmjs.org/cookie-parser/-/cookie-parser-1.4.7.tgz 1005ms (cache miss)
1163 http fetch GET 200 https://registry.npmjs.org/@types/multer/-/multer-1.4.13.tgz 1003ms (cache miss)
1164 http fetch GET 200 https://registry.npmjs.org/@types/bcryptjs/-/bcryptjs-2.4.6.tgz 1001ms (cache miss)
1165 http fetch GET 200 https://registry.npmjs.org/depd/-/depd-2.0.0.tgz 1051ms (cache miss)
1166 http fetch GET 200 https://registry.npmjs.org/@types/jsonwebtoken/-/jsonwebtoken-9.0.10.tgz 1006ms (cache miss)
1167 http fetch GET 200 https://registry.npmjs.org/@types/ws/-/ws-8.18.1.tgz 1008ms (cache miss)
1168 http fetch GET 200 https://registry.npmjs.org/function-bind/-/function-bind-1.1.2.tgz 1131ms (cache miss)
1169 warn deprecated multer@1.4.5-lts.2: Multer 1.x is impacted by a number of vulnerabilities, which have been patched in 2.x. You should upgrade to the latest 2.x version.
1170 http fetch GET 200 https://registry.npmjs.org/ms/-/ms-2.1.3.tgz 1008ms (cache miss)
1171 http fetch GET 200 https://registry.npmjs.org/@types/send/-/send-0.17.6.tgz 1008ms (cache miss)
1172 http fetch GET 200 https://registry.npmjs.org/safe-buffer/-/safe-buffer-5.1.2.tgz 1012ms (cache miss)
1173 http fetch GET 200 https://registry.npmjs.org/send/-/send-0.19.2.tgz 1080ms (cache miss)
1174 http fetch GET 200 https://registry.npmjs.org/mime/-/mime-1.6.0.tgz 1141ms (cache miss)
1175 http fetch GET 200 https://registry.npmjs.org/math-intrinsics/-/math-intrinsics-1.1.0.tgz 1158ms (cache miss)
1176 http fetch GET 200 https://registry.npmjs.org/mime-db/-/mime-db-1.52.0.tgz 1135ms (cache miss)
1177 http fetch GET 200 https://registry.npmjs.org/dotenv/-/dotenv-16.6.1.tgz 1043ms (cache miss)
1178 http fetch GET 200 https://registry.npmjs.org/jsonwebtoken/-/jsonwebtoken-9.0.3.tgz 1054ms (cache miss)
1179 http fetch GET 200 https://registry.npmjs.org/object-inspect/-/object-inspect-1.13.4.tgz 1169ms (cache miss)
1180 http fetch GET 200 https://registry.npmjs.org/body-parser/-/body-parser-1.20.6.tgz 1094ms (cache miss)
1181 http fetch GET 200 https://registry.npmjs.org/express-rate-limit/-/express-rate-limit-7.5.1.tgz 1056ms (cache miss)
1182 http fetch GET 200 https://registry.npmjs.org/ws/-/ws-8.21.3.tgz 1075ms (cache miss)
1183 http fetch GET 200 https://registry.npmjs.org/esbuild/-/esbuild-0.28.2.tgz 1182ms (cache miss)
1184 http fetch GET 200 https://registry.npmjs.org/debug/-/debug-2.6.9.tgz 1106ms (cache miss)
1185 http fetch GET 200 https://registry.npmjs.org/helmet/-/helmet-7.2.0.tgz 1067ms (cache miss)
1186 http fetch GET 200 https://registry.npmjs.org/minimist/-/minimist-1.2.8.tgz 1179ms (cache miss)
1187 http fetch GET 200 https://registry.npmjs.org/express/-/express-4.22.2.tgz 1081ms (cache miss)
1188 http fetch GET 200 https://registry.npmjs.org/qs/-/qs-6.15.3.tgz 1143ms (cache miss)
1189 http fetch GET 200 https://registry.npmjs.org/busboy/-/busboy-1.6.0.tgz 1186ms (cache miss)
1190 http fetch GET 200 https://registry.npmjs.org/readable-stream/-/readable-stream-2.3.8.tgz 1196ms (cache miss)
1191 http fetch GET 200 https://registry.npmjs.org/bcryptjs/-/bcryptjs-2.4.3.tgz 1102ms (cache miss)
1192 http fetch GET 200 https://registry.npmjs.org/undici-types/-/undici-types-8.3.0.tgz 1133ms (cache miss)
1193 http fetch GET 200 https://registry.npmjs.org/iconv-lite/-/iconv-lite-0.4.24.tgz 1217ms (cache miss)
1194 http fetch GET 200 https://registry.npmjs.org/semver/-/semver-7.8.5.tgz 1231ms (cache miss)
1195 http fetch GET 200 https://registry.npmjs.org/tsx/-/tsx-4.23.12.tgz 1171ms (cache miss)
1196 http fetch GET 200 https://registry.npmjs.org/cloudinary/-/cloudinary-2.10.1.tgz 1168ms (cache miss)
1197 http fetch GET 200 https://registry.npmjs.org/uuid/-/uuid-10.0.0.tgz 1192ms (cache miss)
1198 warn deprecated uuid@10.0.0: uuid@10 and below is no longer supported.  For ESM codebases, update to uuid@latest.  For CommonJS codebases, use uuid@11 (but be aware this version will likely be deprecated in 2028).
1199 http fetch GET 200 https://registry.npmjs.org/@types/node/-/node-26.2.0.tgz 1296ms (cache miss)
1200 http fetch GET 200 https://registry.npmjs.org/@esbuild/linux-x64/-/linux-x64-0.28.2.tgz 1674ms (cache miss)
1201 http fetch GET 200 https://registry.npmjs.org/zod/-/zod-3.25.76.tgz 1605ms (cache miss)
1202 http fetch GET 200 https://registry.npmjs.org/lodash/-/lodash-4.18.1.tgz 1635ms (cache miss)
1203 http fetch GET 200 https://registry.npmjs.org/typescript/-/typescript-5.9.3.tgz 1714ms (cache miss)
1204 info run esbuild@0.28.2 postinstall node_modules/esbuild node install.js
1205 info run esbuild@0.28.2 postinstall { code: 0, signal: null }
1206 verbose cwd /home/user/backend
1207 verbose os Linux 6.1.158+
1208 verbose node v20.20.2
1209 verbose npm  v10.8.2
1210 notice
1210 notice New major version of npm available! 10.8.2 -> 12.0.2
1210 notice Changelog: https://github.com/npm/cli/releases/tag/v12.0.2
1210 notice To update run: npm install -g npm@12.0.2
1210 notice  { force: true, [Symbol(proc-log.meta)]: true }
1211 verbose exit 0
1212 info ok
